pmcid,pmid,month,year,title,journal,refs,spm,afni,nilearn,fsl,esearch_url,esummary_url,elink_url,efetch
270043,31993668,10,2003,Mapping perception to action in piano practice: a longitudinal DC-EEG study,BMC Neuroscience,[270043],0,0,0,0,https://eutils.ncbi.nlm.nih.gov/entrez/eutils/esearch.fcgi?&db=pubmed&retmax=100000&api_key=c2ebc1367e0e6b4ce473b54a14e381487f08&email=kendra.oudyk@mail.mcgill.ca&tool=methnet&usehistory=y&term=%22functional+neuroimaging%22[mesh]+AND+music[mesh]+AND+pubmed+pmc+open+access[filter],,https://eutils.ncbi.nlm.nih.gov/entrez/eutils/elink.fcgi?&dbfrom=pubmed&api_key=c2ebc1367e0e6b4ce473b54a14e381487f08&email=kendra.oudyk@mail.mcgill.ca&tool=methnet&linkname=pubmed_pubmed_refs&id=270043,https://eutils.ncbi.nlm.nih.gov/entrez/eutils/efetch.fcgi?db=pmc&id=270043&api_key=c2ebc1367e0e6b4ce473b54a14e381487f08&email=kendra.oudyk@mail.mcgill.ca&tool=methnet&WebEnv=NCID_1_16581694_130.14.22.76_9001_1591205502_392702730_0MetA0_S_MegaStore&query_key=1
1800344,31658945,2,2007,A Rapid Sound-Action Association Effect in Human Insular Cortex,PLoS ONE,[1800344],6,0,0,0,https://eutils.ncbi.nlm.nih.gov/entrez/eutils/esearch.fcgi?&db=pubmed&retmax=100000&api_key=c2ebc1367e0e6b4ce473b54a14e381487f08&email=kendra.oudyk@mail.mcgill.ca&tool=methnet&usehistory=y&term=%22functional+neuroimaging%22[mesh]+AND+music[mesh]+AND+pubmed+pmc+open+access[filter],,https://eutils.ncbi.nlm.nih.gov/entrez/eutils/elink.fcgi?&dbfrom=pubmed&api_key=c2ebc1367e0e6b4ce473b54a14e381487f08&email=kendra.oudyk@mail.mcgill.ca&tool=methnet&linkname=pubmed_pubmed_refs&id=1800344,https://eutils.ncbi.nlm.nih.gov/entrez/eutils/efetch.fcgi?db=pmc&id=1800344&api_key=c2ebc1367e0e6b4ce473b54a14e381487f08&email=kendra.oudyk@mail.mcgill.ca&tool=methnet&WebEnv=NCID_1_16581694_130.14.22.76_9001_1591205502_392702730_0MetA0_S_MegaStore&query_key=1
2244806,31600231,2,2008,Neural Substrates of Spontaneous Musical Performance: An fMRI Study of Jazz Improvisation,PLoS ONE,[2244806],4,0,0,0,https://eutils.ncbi.nlm.nih.gov/entrez/eutils/esearch.fcgi?&db=pubmed&retmax=100000&api_key=c2ebc1367e0e6b4ce473b54a14e381487f08&email=kendra.oudyk@mail.mcgill.ca&tool=methnet&usehistory=y&term=%22functional+neuroimaging%22[mesh]+AND+music[mesh]+AND+pubmed+pmc+open+access[filter],,https://eutils.ncbi.nlm.nih.gov/entrez/eutils/elink.fcgi?&dbfrom=pubmed&api_key=c2ebc1367e0e6b4ce473b54a14e381487f08&email=kendra.oudyk@mail.mcgill.ca&tool=methnet&linkname=pubmed_pubmed_refs&id=2244806,https://eutils.ncbi.nlm.nih.gov/entrez/eutils/efetch.fcgi?db=pmc&id=2244806&api_key=c2ebc1367e0e6b4ce473b54a14e381487f08&email=kendra.oudyk@mail.mcgill.ca&tool=methnet&WebEnv=NCID_1_16581694_130.14.22.76_9001_1591205502_392702730_0MetA0_S_MegaStore&query_key=1
2440538,31198419,7,2008,Cognitive Components of Regularity Processing in the Auditory Domain,PLoS ONE,[2440538],0,0,0,0,https://eutils.ncbi.nlm.nih.gov/entrez/eutils/esearch.fcgi?&db=pubmed&retmax=100000&api_key=c2ebc1367e0e6b4ce473b54a14e381487f08&email=kendra.oudyk@mail.mcgill.ca&tool=methnet&usehistory=y&term=%22functional+neuroimaging%22[mesh]+AND+music[mesh]+AND+pubmed+pmc+open+access[filter],,https://eutils.ncbi.nlm.nih.gov/entrez/eutils/elink.fcgi?&dbfrom=pubmed&api_key=c2ebc1367e0e6b4ce473b54a14e381487f08&email=kendra.oudyk@mail.mcgill.ca&tool=methnet&linkname=pubmed_pubmed_refs&id=2440538,https://eutils.ncbi.nlm.nih.gov/entrez/eutils/efetch.fcgi?db=pmc&id=2440538&api_key=c2ebc1367e0e6b4ce473b54a14e381487f08&email=kendra.oudyk@mail.mcgill.ca&tool=methnet&WebEnv=NCID_1_16581694_130.14.22.76_9001_1591205502_392702730_0MetA0_S_MegaStore&query_key=1
2691588,31182868,6,2009,Scale-Free Music of the Brain,PLoS ONE,[2691588],0,0,0,0,https://eutils.ncbi.nlm.nih.gov/entrez/eutils/esearch.fcgi?&db=pubmed&retmax=100000&api_key=c2ebc1367e0e6b4ce473b54a14e381487f08&email=kendra.oudyk@mail.mcgill.ca&tool=methnet&usehistory=y&term=%22functional+neuroimaging%22[mesh]+AND+music[mesh]+AND+pubmed+pmc+open+access[filter],,https://eutils.ncbi.nlm.nih.gov/entrez/eutils/elink.fcgi?&dbfrom=pubmed&api_key=c2ebc1367e0e6b4ce473b54a14e381487f08&email=kendra.oudyk@mail.mcgill.ca&tool=methnet&linkname=pubmed_pubmed_refs&id=2691588,https://eutils.ncbi.nlm.nih.gov/entrez/eutils/efetch.fcgi?db=pmc&id=2691588&api_key=c2ebc1367e0e6b4ce473b54a14e381487f08&email=kendra.oudyk@mail.mcgill.ca&tool=methnet&WebEnv=NCID_1_16581694_130.14.22.76_9001_1591205502_392702730_0MetA0_S_MegaStore&query_key=1
2803739,30892654,2,2010,Absolute Pitch—Functional Evidence of Speech-Relevant Auditory Acuity,"Cerebral Cortex (New York, NY)",[2803739],8,0,0,0,https://eutils.ncbi.nlm.nih.gov/entrez/eutils/esearch.fcgi?&db=pubmed&retmax=100000&api_key=c2ebc1367e0e6b4ce473b54a14e381487f08&email=kendra.oudyk@mail.mcgill.ca&tool=methnet&usehistory=y&term=%22functional+neuroimaging%22[mesh]+AND+music[mesh]+AND+pubmed+pmc+open+access[filter],,https://eutils.ncbi.nlm.nih.gov/entrez/eutils/elink.fcgi?&dbfrom=pubmed&api_key=c2ebc1367e0e6b4ce473b54a14e381487f08&email=kendra.oudyk@mail.mcgill.ca&tool=methnet&linkname=pubmed_pubmed_refs&id=2803739,https://eutils.ncbi.nlm.nih.gov/entrez/eutils/efetch.fcgi?db=pmc&id=2803739&api_key=c2ebc1367e0e6b4ce473b54a14e381487f08&email=kendra.oudyk@mail.mcgill.ca&tool=methnet&WebEnv=NCID_1_16581694_130.14.22.76_9001_1591205502_392702730_0MetA0_S_MegaStore&query_key=1
2749857,30637328,8,2009,Perceiving pitch absolutely: Comparing absolute and relative pitch possessors in a pitch memory task,BMC Neuroscience,[2749857],3,0,0,0,https://eutils.ncbi.nlm.nih.gov/entrez/eutils/esearch.fcgi?&db=pubmed&retmax=100000&api_key=c2ebc1367e0e6b4ce473b54a14e381487f08&email=kendra.oudyk@mail.mcgill.ca&tool=methnet&usehistory=y&term=%22functional+neuroimaging%22[mesh]+AND+music[mesh]+AND+pubmed+pmc+open+access[filter],,https://eutils.ncbi.nlm.nih.gov/entrez/eutils/elink.fcgi?&dbfrom=pubmed&api_key=c2ebc1367e0e6b4ce473b54a14e381487f08&email=kendra.oudyk@mail.mcgill.ca&tool=methnet&linkname=pubmed_pubmed_refs&id=2749857,https://eutils.ncbi.nlm.nih.gov/entrez/eutils/efetch.fcgi?db=pmc&id=2749857&api_key=c2ebc1367e0e6b4ce473b54a14e381487f08&email=kendra.oudyk@mail.mcgill.ca&tool=methnet&WebEnv=NCID_1_16581694_130.14.22.76_9001_1591205502_392702730_0MetA0_S_MegaStore&query_key=1
2776913,30559400,8,2009,The absolute pitch mind continues to reveal itself,Journal of Biology,[2776913],0,0,0,0,https://eutils.ncbi.nlm.nih.gov/entrez/eutils/esearch.fcgi?&db=pubmed&retmax=100000&api_key=c2ebc1367e0e6b4ce473b54a14e381487f08&email=kendra.oudyk@mail.mcgill.ca&tool=methnet&usehistory=y&term=%22functional+neuroimaging%22[mesh]+AND+music[mesh]+AND+pubmed+pmc+open+access[filter],,https://eutils.ncbi.nlm.nih.gov/entrez/eutils/elink.fcgi?&dbfrom=pubmed&api_key=c2ebc1367e0e6b4ce473b54a14e381487f08&email=kendra.oudyk@mail.mcgill.ca&tool=methnet&linkname=pubmed_pubmed_refs&id=2776913,https://eutils.ncbi.nlm.nih.gov/entrez/eutils/efetch.fcgi?db=pmc&id=2776913&api_key=c2ebc1367e0e6b4ce473b54a14e381487f08&email=kendra.oudyk@mail.mcgill.ca&tool=methnet&WebEnv=NCID_1_16581694_130.14.22.76_9001_1591205502_392702730_0MetA0_S_MegaStore&query_key=1
3224691,30462721,12,2009,Modulation of auditory evoked responses to spectral and temporal changes by behavioral discrimination training,BMC Neuroscience,[3224691],0,0,0,0,https://eutils.ncbi.nlm.nih.gov/entrez/eutils/esearch.fcgi?&db=pubmed&retmax=100000&api_key=c2ebc1367e0e6b4ce473b54a14e381487f08&email=kendra.oudyk@mail.mcgill.ca&tool=methnet&usehistory=y&term=%22functional+neuroimaging%22[mesh]+AND+music[mesh]+AND+pubmed+pmc+open+access[filter],,https://eutils.ncbi.nlm.nih.gov/entrez/eutils/elink.fcgi?&dbfrom=pubmed&api_key=c2ebc1367e0e6b4ce473b54a14e381487f08&email=kendra.oudyk@mail.mcgill.ca&tool=methnet&linkname=pubmed_pubmed_refs&id=3224691,https://eutils.ncbi.nlm.nih.gov/entrez/eutils/efetch.fcgi?db=pmc&id=3224691&api_key=c2ebc1367e0e6b4ce473b54a14e381487f08&email=kendra.oudyk@mail.mcgill.ca&tool=methnet&WebEnv=NCID_1_16581694_130.14.22.76_9001_1591205502_392702730_0MetA0_S_MegaStore&query_key=1
3036830,30452442,6,2010,Decomposing rhythm processing: electroencephalography of perceived and self-imposed rhythmic patterns,Psychological Research,[3036830],0,0,0,0,https://eutils.ncbi.nlm.nih.gov/entrez/eutils/esearch.fcgi?&db=pubmed&retmax=100000&api_key=c2ebc1367e0e6b4ce473b54a14e381487f08&email=kendra.oudyk@mail.mcgill.ca&tool=methnet&usehistory=y&term=%22functional+neuroimaging%22[mesh]+AND+music[mesh]+AND+pubmed+pmc+open+access[filter],,https://eutils.ncbi.nlm.nih.gov/entrez/eutils/elink.fcgi?&dbfrom=pubmed&api_key=c2ebc1367e0e6b4ce473b54a14e381487f08&email=kendra.oudyk@mail.mcgill.ca&tool=methnet&linkname=pubmed_pubmed_refs&id=3036830,https://eutils.ncbi.nlm.nih.gov/entrez/eutils/efetch.fcgi?db=pmc&id=3036830&api_key=c2ebc1367e0e6b4ce473b54a14e381487f08&email=kendra.oudyk@mail.mcgill.ca&tool=methnet&WebEnv=NCID_1_16581694_130.14.22.76_9001_1591205502_392702730_0MetA0_S_MegaStore&query_key=1
3059891,30341361,4,2011,Auditory-Motor Expertise Alters “Speech Selectivity” in Professional Musicians and Actors,"Cerebral Cortex (New York, NY)",[3059891],4,0,0,0,https://eutils.ncbi.nlm.nih.gov/entrez/eutils/esearch.fcgi?&db=pubmed&retmax=100000&api_key=c2ebc1367e0e6b4ce473b54a14e381487f08&email=kendra.oudyk@mail.mcgill.ca&tool=methnet&usehistory=y&term=%22functional+neuroimaging%22[mesh]+AND+music[mesh]+AND+pubmed+pmc+open+access[filter],,https://eutils.ncbi.nlm.nih.gov/entrez/eutils/elink.fcgi?&dbfrom=pubmed&api_key=c2ebc1367e0e6b4ce473b54a14e381487f08&email=kendra.oudyk@mail.mcgill.ca&tool=methnet&linkname=pubmed_pubmed_refs&id=3059891,https://eutils.ncbi.nlm.nih.gov/entrez/eutils/efetch.fcgi?db=pmc&id=3059891&api_key=c2ebc1367e0e6b4ce473b54a14e381487f08&email=kendra.oudyk@mail.mcgill.ca&tool=methnet&WebEnv=NCID_1_16581694_130.14.22.76_9001_1591205502_392702730_0MetA0_S_MegaStore&query_key=1
3045443,30248908,2,2011,The Effect of Conditional Probability of Chord Progression on Brain Response: An MEG Study,PLoS ONE,"[3045443, 14287410, 7387835, 7199396, 7198832, 7192601, 7041911, 6980046, 6975441, 6941274, 6890712, 6889887, 6683590, 6683124, 6682382, 6542297, 6538808, 6408733, 6332878, 6323998, 6300219, 6262918, 6216456, 6169370, 4074675, 4040369, 4039603, 4039227, 3955782, 3856890, 3802104, 3791210, 3768295, 3768022, 3741760, 3731096, 3708576, 3539322, 3539321, 3330530, 3089944, 3085924, 2870801, 2431772, 2431763, 2421885, 570092, 159127]",0,0,0,0,https://eutils.ncbi.nlm.nih.gov/entrez/eutils/esearch.fcgi?&db=pubmed&retmax=100000&api_key=c2ebc1367e0e6b4ce473b54a14e381487f08&email=kendra.oudyk@mail.mcgill.ca&tool=methnet&usehistory=y&term=%22functional+neuroimaging%22[mesh]+AND+music[mesh]+AND+pubmed+pmc+open+access[filter],,https://eutils.ncbi.nlm.nih.gov/entrez/eutils/elink.fcgi?&dbfrom=pubmed&api_key=c2ebc1367e0e6b4ce473b54a14e381487f08&email=kendra.oudyk@mail.mcgill.ca&tool=methnet&linkname=pubmed_pubmed_refs&id=3045443,https://eutils.ncbi.nlm.nih.gov/entrez/eutils/efetch.fcgi?db=pmc&id=3045443&api_key=c2ebc1367e0e6b4ce473b54a14e381487f08&email=kendra.oudyk@mail.mcgill.ca&tool=methnet&WebEnv=NCID_1_16581694_130.14.22.76_9001_1591205502_392702730_0MetA0_S_MegaStore&query_key=1
3062602,30169831,3,2011,Numeric aspects in pitch identification: an fMRI study,BMC Neuroscience,[3062602],7,0,0,0,https://eutils.ncbi.nlm.nih.gov/entrez/eutils/esearch.fcgi?&db=pubmed&retmax=100000&api_key=c2ebc1367e0e6b4ce473b54a14e381487f08&email=kendra.oudyk@mail.mcgill.ca&tool=methnet&usehistory=y&term=%22functional+neuroimaging%22[mesh]+AND+music[mesh]+AND+pubmed+pmc+open+access[filter],,https://eutils.ncbi.nlm.nih.gov/entrez/eutils/elink.fcgi?&dbfrom=pubmed&api_key=c2ebc1367e0e6b4ce473b54a14e381487f08&email=kendra.oudyk@mail.mcgill.ca&tool=methnet&linkname=pubmed_pubmed_refs&id=3062602,https://eutils.ncbi.nlm.nih.gov/entrez/eutils/efetch.fcgi?db=pmc&id=3062602&api_key=c2ebc1367e0e6b4ce473b54a14e381487f08&email=kendra.oudyk@mail.mcgill.ca&tool=methnet&WebEnv=NCID_1_16581694_130.14.22.76_9001_1591205502_392702730_0MetA0_S_MegaStore&query_key=1
3084768,30013922,4,2011,The Music of Your Emotions: Neural Substrates Involved in Detection of Emotional Correspondence between Auditory and Visual Music Actions,PLoS ONE,[3084768],0,0,0,0,https://eutils.ncbi.nlm.nih.gov/entrez/eutils/esearch.fcgi?&db=pubmed&retmax=100000&api_key=c2ebc1367e0e6b4ce473b54a14e381487f08&email=kendra.oudyk@mail.mcgill.ca&tool=methnet&usehistory=y&term=%22functional+neuroimaging%22[mesh]+AND+music[mesh]+AND+pubmed+pmc+open+access[filter],,https://eutils.ncbi.nlm.nih.gov/entrez/eutils/elink.fcgi?&dbfrom=pubmed&api_key=c2ebc1367e0e6b4ce473b54a14e381487f08&email=kendra.oudyk@mail.mcgill.ca&tool=methnet&linkname=pubmed_pubmed_refs&id=3084768,https://eutils.ncbi.nlm.nih.gov/entrez/eutils/efetch.fcgi?db=pmc&id=3084768&api_key=c2ebc1367e0e6b4ce473b54a14e381487f08&email=kendra.oudyk@mail.mcgill.ca&tool=methnet&WebEnv=NCID_1_16581694_130.14.22.76_9001_1591205502_392702730_0MetA0_S_MegaStore&query_key=1
3491764,29885961,12,2012,Mapping Aesthetic Musical Emotions in the Brain,"Cerebral Cortex (New York, NY)",[3491764],4,0,0,0,https://eutils.ncbi.nlm.nih.gov/entrez/eutils/esearch.fcgi?&db=pubmed&retmax=100000&api_key=c2ebc1367e0e6b4ce473b54a14e381487f08&email=kendra.oudyk@mail.mcgill.ca&tool=methnet&usehistory=y&term=%22functional+neuroimaging%22[mesh]+AND+music[mesh]+AND+pubmed+pmc+open+access[filter],,https://eutils.ncbi.nlm.nih.gov/entrez/eutils/elink.fcgi?&dbfrom=pubmed&api_key=c2ebc1367e0e6b4ce473b54a14e381487f08&email=kendra.oudyk@mail.mcgill.ca&tool=methnet&linkname=pubmed_pubmed_refs&id=3491764,https://eutils.ncbi.nlm.nih.gov/entrez/eutils/efetch.fcgi?db=pmc&id=3491764&api_key=c2ebc1367e0e6b4ce473b54a14e381487f08&email=kendra.oudyk@mail.mcgill.ca&tool=methnet&WebEnv=NCID_1_16581694_130.14.22.76_9001_1591205502_392702730_0MetA0_S_MegaStore&query_key=1
3593578,29545619,4,2013,Finding and Feeling the Musical Beat: Striatal Dissociations between Detection and Prediction of Regularity,"Cerebral Cortex (New York, NY)",[3593578],3,0,0,0,https://eutils.ncbi.nlm.nih.gov/entrez/eutils/esearch.fcgi?&db=pubmed&retmax=100000&api_key=c2ebc1367e0e6b4ce473b54a14e381487f08&email=kendra.oudyk@mail.mcgill.ca&tool=methnet&usehistory=y&term=%22functional+neuroimaging%22[mesh]+AND+music[mesh]+AND+pubmed+pmc+open+access[filter],,https://eutils.ncbi.nlm.nih.gov/entrez/eutils/elink.fcgi?&dbfrom=pubmed&api_key=c2ebc1367e0e6b4ce473b54a14e381487f08&email=kendra.oudyk@mail.mcgill.ca&tool=methnet&linkname=pubmed_pubmed_refs&id=3593578,https://eutils.ncbi.nlm.nih.gov/entrez/eutils/efetch.fcgi?db=pmc&id=3593578&api_key=c2ebc1367e0e6b4ce473b54a14e381487f08&email=kendra.oudyk@mail.mcgill.ca&tool=methnet&WebEnv=NCID_1_16581694_130.14.22.76_9001_1591205502_392702730_0MetA0_S_MegaStore&query_key=1
3346725,29480872,5,2012,Musical Training Induces Functional Plasticity in Perceptual and Motor Networks: Insights from Resting-State fMRI,PLoS ONE,[3346725],6,0,0,0,https://eutils.ncbi.nlm.nih.gov/entrez/eutils/esearch.fcgi?&db=pubmed&retmax=100000&api_key=c2ebc1367e0e6b4ce473b54a14e381487f08&email=kendra.oudyk@mail.mcgill.ca&tool=methnet&usehistory=y&term=%22functional+neuroimaging%22[mesh]+AND+music[mesh]+AND+pubmed+pmc+open+access[filter],,https://eutils.ncbi.nlm.nih.gov/entrez/eutils/elink.fcgi?&dbfrom=pubmed&api_key=c2ebc1367e0e6b4ce473b54a14e381487f08&email=kendra.oudyk@mail.mcgill.ca&tool=methnet&linkname=pubmed_pubmed_refs&id=3346725,https://eutils.ncbi.nlm.nih.gov/entrez/eutils/efetch.fcgi?db=pmc&id=3346725&api_key=c2ebc1367e0e6b4ce473b54a14e381487f08&email=kendra.oudyk@mail.mcgill.ca&tool=methnet&WebEnv=NCID_1_16581694_130.14.22.76_9001_1591205502_392702730_0MetA0_S_MegaStore&query_key=1
3827712,29467495,12,2013,Coding of Melodic Gestalt in Human Auditory Cortex,"Cerebral Cortex (New York, NY)",[3827712],4,0,0,0,https://eutils.ncbi.nlm.nih.gov/entrez/eutils/esearch.fcgi?&db=pubmed&retmax=100000&api_key=c2ebc1367e0e6b4ce473b54a14e381487f08&email=kendra.oudyk@mail.mcgill.ca&tool=methnet&usehistory=y&term=%22functional+neuroimaging%22[mesh]+AND+music[mesh]+AND+pubmed+pmc+open+access[filter],,https://eutils.ncbi.nlm.nih.gov/entrez/eutils/elink.fcgi?&dbfrom=pubmed&api_key=c2ebc1367e0e6b4ce473b54a14e381487f08&email=kendra.oudyk@mail.mcgill.ca&tool=methnet&linkname=pubmed_pubmed_refs&id=3827712,https://eutils.ncbi.nlm.nih.gov/entrez/eutils/efetch.fcgi?db=pmc&id=3827712&api_key=c2ebc1367e0e6b4ce473b54a14e381487f08&email=kendra.oudyk@mail.mcgill.ca&tool=methnet&WebEnv=NCID_1_16581694_130.14.22.76_9001_1591205502_392702730_0MetA0_S_MegaStore&query_key=1
3460812,29335643,9,2012,Neural Substrates for Semantic Memory of Familiar Songs: Is There an Interface between Lyrics and Melodies?,PLoS ONE,[3460812],5,0,0,0,https://eutils.ncbi.nlm.nih.gov/entrez/eutils/esearch.fcgi?&db=pubmed&retmax=100000&api_key=c2ebc1367e0e6b4ce473b54a14e381487f08&email=kendra.oudyk@mail.mcgill.ca&tool=methnet&usehistory=y&term=%22functional+neuroimaging%22[mesh]+AND+music[mesh]+AND+pubmed+pmc+open+access[filter],,https://eutils.ncbi.nlm.nih.gov/entrez/eutils/elink.fcgi?&dbfrom=pubmed&api_key=c2ebc1367e0e6b4ce473b54a14e381487f08&email=kendra.oudyk@mail.mcgill.ca&tool=methnet&linkname=pubmed_pubmed_refs&id=3460812,https://eutils.ncbi.nlm.nih.gov/entrez/eutils/efetch.fcgi?db=pmc&id=3460812&api_key=c2ebc1367e0e6b4ce473b54a14e381487f08&email=kendra.oudyk@mail.mcgill.ca&tool=methnet&WebEnv=NCID_1_16581694_130.14.22.76_9001_1591205502_392702730_0MetA0_S_MegaStore&query_key=1
3498928,29247209,11,2012,Neural Correlates of Lyrical Improvisation: An fMRI Study of Freestyle Rap,Scientific Reports,[3498928],5,2,0,0,https://eutils.ncbi.nlm.nih.gov/entrez/eutils/esearch.fcgi?&db=pubmed&retmax=100000&api_key=c2ebc1367e0e6b4ce473b54a14e381487f08&email=kendra.oudyk@mail.mcgill.ca&tool=methnet&usehistory=y&term=%22functional+neuroimaging%22[mesh]+AND+music[mesh]+AND+pubmed+pmc+open+access[filter],,https://eutils.ncbi.nlm.nih.gov/entrez/eutils/elink.fcgi?&dbfrom=pubmed&api_key=c2ebc1367e0e6b4ce473b54a14e381487f08&email=kendra.oudyk@mail.mcgill.ca&tool=methnet&linkname=pubmed_pubmed_refs&id=3498928,https://eutils.ncbi.nlm.nih.gov/entrez/eutils/efetch.fcgi?db=pmc&id=3498928&api_key=c2ebc1367e0e6b4ce473b54a14e381487f08&email=kendra.oudyk@mail.mcgill.ca&tool=methnet&WebEnv=NCID_1_16581694_130.14.22.76_9001_1591205502_392702730_0MetA0_S_MegaStore&query_key=1
3498178,29213104,11,2012,Scale-Free Brain-Wave Music from Simultaneously EEG and fMRI Recordings,PLoS ONE,[3498178],0,0,0,0,https://eutils.ncbi.nlm.nih.gov/entrez/eutils/esearch.fcgi?&db=pubmed&retmax=100000&api_key=c2ebc1367e0e6b4ce473b54a14e381487f08&email=kendra.oudyk@mail.mcgill.ca&tool=methnet&usehistory=y&term=%22functional+neuroimaging%22[mesh]+AND+music[mesh]+AND+pubmed+pmc+open+access[filter],,https://eutils.ncbi.nlm.nih.gov/entrez/eutils/elink.fcgi?&dbfrom=pubmed&api_key=c2ebc1367e0e6b4ce473b54a14e381487f08&email=kendra.oudyk@mail.mcgill.ca&tool=methnet&linkname=pubmed_pubmed_refs&id=3498178,https://eutils.ncbi.nlm.nih.gov/entrez/eutils/efetch.fcgi?db=pmc&id=3498178&api_key=c2ebc1367e0e6b4ce473b54a14e381487f08&email=kendra.oudyk@mail.mcgill.ca&tool=methnet&WebEnv=NCID_1_16581694_130.14.22.76_9001_1591205502_392702730_0MetA0_S_MegaStore&query_key=1
3621767,29089542,4,2013,A Beamformer Analysis of MEG Data Reveals Frontal Generators of the Musically Elicited Mismatch Negativity,PLoS ONE,[3621767],3,0,0,0,https://eutils.ncbi.nlm.nih.gov/entrez/eutils/esearch.fcgi?&db=pubmed&retmax=100000&api_key=c2ebc1367e0e6b4ce473b54a14e381487f08&email=kendra.oudyk@mail.mcgill.ca&tool=methnet&usehistory=y&term=%22functional+neuroimaging%22[mesh]+AND+music[mesh]+AND+pubmed+pmc+open+access[filter],,https://eutils.ncbi.nlm.nih.gov/entrez/eutils/elink.fcgi?&dbfrom=pubmed&api_key=c2ebc1367e0e6b4ce473b54a14e381487f08&email=kendra.oudyk@mail.mcgill.ca&tool=methnet&linkname=pubmed_pubmed_refs&id=3621767,https://eutils.ncbi.nlm.nih.gov/entrez/eutils/efetch.fcgi?db=pmc&id=3621767&api_key=c2ebc1367e0e6b4ce473b54a14e381487f08&email=kendra.oudyk@mail.mcgill.ca&tool=methnet&WebEnv=NCID_1_16581694_130.14.22.76_9001_1591205502_392702730_0MetA0_S_MegaStore&query_key=1
3661572,29025134,5,2013,Scale-Free Brain Quartet: Artistic Filtering of Multi-Channel Brainwave Music,PLoS ONE,[3661572],0,0,0,0,https://eutils.ncbi.nlm.nih.gov/entrez/eutils/esearch.fcgi?&db=pubmed&retmax=100000&api_key=c2ebc1367e0e6b4ce473b54a14e381487f08&email=kendra.oudyk@mail.mcgill.ca&tool=methnet&usehistory=y&term=%22functional+neuroimaging%22[mesh]+AND+music[mesh]+AND+pubmed+pmc+open+access[filter],,https://eutils.ncbi.nlm.nih.gov/entrez/eutils/elink.fcgi?&dbfrom=pubmed&api_key=c2ebc1367e0e6b4ce473b54a14e381487f08&email=kendra.oudyk@mail.mcgill.ca&tool=methnet&linkname=pubmed_pubmed_refs&id=3661572,https://eutils.ncbi.nlm.nih.gov/entrez/eutils/efetch.fcgi?db=pmc&id=3661572&api_key=c2ebc1367e0e6b4ce473b54a14e381487f08&email=kendra.oudyk@mail.mcgill.ca&tool=methnet&WebEnv=NCID_1_16581694_130.14.22.76_9001_1591205502_392702730_0MetA0_S_MegaStore&query_key=1
3769391,28900231,9,2013,Intra- and Inter-Brain Synchronization during Musical Improvisation on the Guitar,PLoS ONE,[3769391],0,0,0,0,https://eutils.ncbi.nlm.nih.gov/entrez/eutils/esearch.fcgi?&db=pubmed&retmax=100000&api_key=c2ebc1367e0e6b4ce473b54a14e381487f08&email=kendra.oudyk@mail.mcgill.ca&tool=methnet&usehistory=y&term=%22functional+neuroimaging%22[mesh]+AND+music[mesh]+AND+pubmed+pmc+open+access[filter],,https://eutils.ncbi.nlm.nih.gov/entrez/eutils/elink.fcgi?&dbfrom=pubmed&api_key=c2ebc1367e0e6b4ce473b54a14e381487f08&email=kendra.oudyk@mail.mcgill.ca&tool=methnet&linkname=pubmed_pubmed_refs&id=3769391,https://eutils.ncbi.nlm.nih.gov/entrez/eutils/efetch.fcgi?db=pmc&id=3769391&api_key=c2ebc1367e0e6b4ce473b54a14e381487f08&email=kendra.oudyk@mail.mcgill.ca&tool=methnet&WebEnv=NCID_1_16581694_130.14.22.76_9001_1591205502_392702730_0MetA0_S_MegaStore&query_key=1
3905185,28422990,1,2014,Improved effectiveness of performance monitoring in amateur instrumental musicians,Neuropsychologia,[3905185],0,0,0,0,https://eutils.ncbi.nlm.nih.gov/entrez/eutils/esearch.fcgi?&db=pubmed&retmax=100000&api_key=c2ebc1367e0e6b4ce473b54a14e381487f08&email=kendra.oudyk@mail.mcgill.ca&tool=methnet&usehistory=y&term=%22functional+neuroimaging%22[mesh]+AND+music[mesh]+AND+pubmed+pmc+open+access[filter],,https://eutils.ncbi.nlm.nih.gov/entrez/eutils/elink.fcgi?&dbfrom=pubmed&api_key=c2ebc1367e0e6b4ce473b54a14e381487f08&email=kendra.oudyk@mail.mcgill.ca&tool=methnet&linkname=pubmed_pubmed_refs&id=3905185,https://eutils.ncbi.nlm.nih.gov/entrez/eutils/efetch.fcgi?db=pmc&id=3905185&api_key=c2ebc1367e0e6b4ce473b54a14e381487f08&email=kendra.oudyk@mail.mcgill.ca&tool=methnet&WebEnv=NCID_1_16581694_130.14.22.76_9001_1591205502_392702730_0MetA0_S_MegaStore&query_key=1
3771916,28391368,9,2013,Neural Correlates of Musical Creativity: Differences between High and Low Creative Subjects,PLoS ONE,"[3771916, 6833624, 6363936, 98835]",1,0,0,0,https://eutils.ncbi.nlm.nih.gov/entrez/eutils/esearch.fcgi?&db=pubmed&retmax=100000&api_key=c2ebc1367e0e6b4ce473b54a14e381487f08&email=kendra.oudyk@mail.mcgill.ca&tool=methnet&usehistory=y&term=%22functional+neuroimaging%22[mesh]+AND+music[mesh]+AND+pubmed+pmc+open+access[filter],,https://eutils.ncbi.nlm.nih.gov/entrez/eutils/elink.fcgi?&dbfrom=pubmed&api_key=c2ebc1367e0e6b4ce473b54a14e381487f08&email=kendra.oudyk@mail.mcgill.ca&tool=methnet&linkname=pubmed_pubmed_refs&id=3771916,https://eutils.ncbi.nlm.nih.gov/entrez/eutils/efetch.fcgi?db=pmc&id=3771916&api_key=c2ebc1367e0e6b4ce473b54a14e381487f08&email=kendra.oudyk@mail.mcgill.ca&tool=methnet&WebEnv=NCID_1_16581694_130.14.22.76_9001_1591205502_392702730_0MetA0_S_MegaStore&query_key=1
3897506,28367404,1,2014,Audio-Tactile Integration and the Influence of Musical Training,PLoS ONE,[3897506],6,0,0,0,https://eutils.ncbi.nlm.nih.gov/entrez/eutils/esearch.fcgi?&db=pubmed&retmax=100000&api_key=c2ebc1367e0e6b4ce473b54a14e381487f08&email=kendra.oudyk@mail.mcgill.ca&tool=methnet&usehistory=y&term=%22functional+neuroimaging%22[mesh]+AND+music[mesh]+AND+pubmed+pmc+open+access[filter],,https://eutils.ncbi.nlm.nih.gov/entrez/eutils/elink.fcgi?&dbfrom=pubmed&api_key=c2ebc1367e0e6b4ce473b54a14e381487f08&email=kendra.oudyk@mail.mcgill.ca&tool=methnet&linkname=pubmed_pubmed_refs&id=3897506,https://eutils.ncbi.nlm.nih.gov/entrez/eutils/efetch.fcgi?db=pmc&id=3897506&api_key=c2ebc1367e0e6b4ce473b54a14e381487f08&email=kendra.oudyk@mail.mcgill.ca&tool=methnet&WebEnv=NCID_1_16581694_130.14.22.76_9001_1591205502_392702730_0MetA0_S_MegaStore&query_key=1
3901649,27939961,1,2014,Segregation and Integration of Auditory Streams when Listening to Multi-Part Music,PLoS ONE,[3901649],0,0,0,3,https://eutils.ncbi.nlm.nih.gov/entrez/eutils/esearch.fcgi?&db=pubmed&retmax=100000&api_key=c2ebc1367e0e6b4ce473b54a14e381487f08&email=kendra.oudyk@mail.mcgill.ca&tool=methnet&usehistory=y&term=%22functional+neuroimaging%22[mesh]+AND+music[mesh]+AND+pubmed+pmc+open+access[filter],,https://eutils.ncbi.nlm.nih.gov/entrez/eutils/elink.fcgi?&dbfrom=pubmed&api_key=c2ebc1367e0e6b4ce473b54a14e381487f08&email=kendra.oudyk@mail.mcgill.ca&tool=methnet&linkname=pubmed_pubmed_refs&id=3901649,https://eutils.ncbi.nlm.nih.gov/entrez/eutils/efetch.fcgi?db=pmc&id=3901649&api_key=c2ebc1367e0e6b4ce473b54a14e381487f08&email=kendra.oudyk@mail.mcgill.ca&tool=methnet&WebEnv=NCID_1_16581694_130.14.22.76_9001_1591205502_392702730_0MetA0_S_MegaStore&query_key=1
3941612,27835631,2,2014,Revealing spatio-spectral electroencephalographic dynamics of musical mode and tempo perception by independent component analysis,Journal of NeuroEngineering and Rehabilitation,[3941612],0,0,0,0,https://eutils.ncbi.nlm.nih.gov/entrez/eutils/esearch.fcgi?&db=pubmed&retmax=100000&api_key=c2ebc1367e0e6b4ce473b54a14e381487f08&email=kendra.oudyk@mail.mcgill.ca&tool=methnet&usehistory=y&term=%22functional+neuroimaging%22[mesh]+AND+music[mesh]+AND+pubmed+pmc+open+access[filter],,https://eutils.ncbi.nlm.nih.gov/entrez/eutils/elink.fcgi?&dbfrom=pubmed&api_key=c2ebc1367e0e6b4ce473b54a14e381487f08&email=kendra.oudyk@mail.mcgill.ca&tool=methnet&linkname=pubmed_pubmed_refs&id=3941612,https://eutils.ncbi.nlm.nih.gov/entrez/eutils/efetch.fcgi?db=pmc&id=3941612&api_key=c2ebc1367e0e6b4ce473b54a14e381487f08&email=kendra.oudyk@mail.mcgill.ca&tool=methnet&WebEnv=NCID_1_16581694_130.14.22.76_9001_1591205502_392702730_0MetA0_S_MegaStore&query_key=1
3929604,27524998,2,2014,Neural Substrates of Interactive Musical Improvisation: An fMRI Study of ‘Trading Fours’ in Jazz,PLoS ONE,[3929604],2,0,0,0,https://eutils.ncbi.nlm.nih.gov/entrez/eutils/esearch.fcgi?&db=pubmed&retmax=100000&api_key=c2ebc1367e0e6b4ce473b54a14e381487f08&email=kendra.oudyk@mail.mcgill.ca&tool=methnet&usehistory=y&term=%22functional+neuroimaging%22[mesh]+AND+music[mesh]+AND+pubmed+pmc+open+access[filter],,https://eutils.ncbi.nlm.nih.gov/entrez/eutils/elink.fcgi?&dbfrom=pubmed&api_key=c2ebc1367e0e6b4ce473b54a14e381487f08&email=kendra.oudyk@mail.mcgill.ca&tool=methnet&linkname=pubmed_pubmed_refs&id=3929604,https://eutils.ncbi.nlm.nih.gov/entrez/eutils/efetch.fcgi?db=pmc&id=3929604&api_key=c2ebc1367e0e6b4ce473b54a14e381487f08&email=kendra.oudyk@mail.mcgill.ca&tool=methnet&WebEnv=NCID_1_16581694_130.14.22.76_9001_1591205502_392702730_0MetA0_S_MegaStore&query_key=1
3940930,27490304,3,2014,Temporal Processing of Audiovisual Stimuli Is Enhanced in Musicians: Evidence from Magnetoencephalography (MEG),PLoS ONE,[3940930],3,0,0,0,https://eutils.ncbi.nlm.nih.gov/entrez/eutils/esearch.fcgi?&db=pubmed&retmax=100000&api_key=c2ebc1367e0e6b4ce473b54a14e381487f08&email=kendra.oudyk@mail.mcgill.ca&tool=methnet&usehistory=y&term=%22functional+neuroimaging%22[mesh]+AND+music[mesh]+AND+pubmed+pmc+open+access[filter],,https://eutils.ncbi.nlm.nih.gov/entrez/eutils/elink.fcgi?&dbfrom=pubmed&api_key=c2ebc1367e0e6b4ce473b54a14e381487f08&email=kendra.oudyk@mail.mcgill.ca&tool=methnet&linkname=pubmed_pubmed_refs&id=3940930,https://eutils.ncbi.nlm.nih.gov/entrez/eutils/efetch.fcgi?db=pmc&id=3940930&api_key=c2ebc1367e0e6b4ce473b54a14e381487f08&email=kendra.oudyk@mail.mcgill.ca&tool=methnet&WebEnv=NCID_1_16581694_130.14.22.76_9001_1591205502_392702730_0MetA0_S_MegaStore&query_key=1
3979724,27284693,4,2014,Cerebral Activations Related to Audition-Driven Performance Imagery in Professional Musicians,PLoS ONE,[3979724],9,0,0,0,https://eutils.ncbi.nlm.nih.gov/entrez/eutils/esearch.fcgi?&db=pubmed&retmax=100000&api_key=c2ebc1367e0e6b4ce473b54a14e381487f08&email=kendra.oudyk@mail.mcgill.ca&tool=methnet&usehistory=y&term=%22functional+neuroimaging%22[mesh]+AND+music[mesh]+AND+pubmed+pmc+open+access[filter],,https://eutils.ncbi.nlm.nih.gov/entrez/eutils/elink.fcgi?&dbfrom=pubmed&api_key=c2ebc1367e0e6b4ce473b54a14e381487f08&email=kendra.oudyk@mail.mcgill.ca&tool=methnet&linkname=pubmed_pubmed_refs&id=3979724,https://eutils.ncbi.nlm.nih.gov/entrez/eutils/efetch.fcgi?db=pmc&id=3979724&api_key=c2ebc1367e0e6b4ce473b54a14e381487f08&email=kendra.oudyk@mail.mcgill.ca&tool=methnet&WebEnv=NCID_1_16581694_130.14.22.76_9001_1591205502_392702730_0MetA0_S_MegaStore&query_key=1
6989737,26900566,5,2014,Neural correlates of music-syntactic processing in two-year old children,Developmental Cognitive Neuroscience,[6989737],0,0,0,0,https://eutils.ncbi.nlm.nih.gov/entrez/eutils/esearch.fcgi?&db=pubmed&retmax=100000&api_key=c2ebc1367e0e6b4ce473b54a14e381487f08&email=kendra.oudyk@mail.mcgill.ca&tool=methnet&usehistory=y&term=%22functional+neuroimaging%22[mesh]+AND+music[mesh]+AND+pubmed+pmc+open+access[filter],,https://eutils.ncbi.nlm.nih.gov/entrez/eutils/elink.fcgi?&dbfrom=pubmed&api_key=c2ebc1367e0e6b4ce473b54a14e381487f08&email=kendra.oudyk@mail.mcgill.ca&tool=methnet&linkname=pubmed_pubmed_refs&id=6989737,https://eutils.ncbi.nlm.nih.gov/entrez/eutils/efetch.fcgi?db=pmc&id=6989737&api_key=c2ebc1367e0e6b4ce473b54a14e381487f08&email=kendra.oudyk@mail.mcgill.ca&tool=methnet&WebEnv=NCID_1_16581694_130.14.22.76_9001_1591205502_392702730_0MetA0_S_MegaStore&query_key=1
4061064,26863437,6,2014,Behavioral and Neural Correlates of Executive Functioning in Musicians and Non-Musicians,PLoS ONE,[4061064],0,0,0,5,https://eutils.ncbi.nlm.nih.gov/entrez/eutils/esearch.fcgi?&db=pubmed&retmax=100000&api_key=c2ebc1367e0e6b4ce473b54a14e381487f08&email=kendra.oudyk@mail.mcgill.ca&tool=methnet&usehistory=y&term=%22functional+neuroimaging%22[mesh]+AND+music[mesh]+AND+pubmed+pmc+open+access[filter],,https://eutils.ncbi.nlm.nih.gov/entrez/eutils/elink.fcgi?&dbfrom=pubmed&api_key=c2ebc1367e0e6b4ce473b54a14e381487f08&email=kendra.oudyk@mail.mcgill.ca&tool=methnet&linkname=pubmed_pubmed_refs&id=4061064,https://eutils.ncbi.nlm.nih.gov/entrez/eutils/efetch.fcgi?db=pmc&id=4061064&api_key=c2ebc1367e0e6b4ce473b54a14e381487f08&email=kendra.oudyk@mail.mcgill.ca&tool=methnet&WebEnv=NCID_1_16581694_130.14.22.76_9001_1591205502_392702730_0MetA0_S_MegaStore&query_key=1
5376193,26780880,07,2014,Audio-visuomotor processing in the Musician's brain: an ERP study on professional violinists and clarinetists,Scientific Reports,[5376193],0,0,0,0,https://eutils.ncbi.nlm.nih.gov/entrez/eutils/esearch.fcgi?&db=pubmed&retmax=100000&api_key=c2ebc1367e0e6b4ce473b54a14e381487f08&email=kendra.oudyk@mail.mcgill.ca&tool=methnet&usehistory=y&term=%22functional+neuroimaging%22[mesh]+AND+music[mesh]+AND+pubmed+pmc+open+access[filter],,https://eutils.ncbi.nlm.nih.gov/entrez/eutils/elink.fcgi?&dbfrom=pubmed&api_key=c2ebc1367e0e6b4ce473b54a14e381487f08&email=kendra.oudyk@mail.mcgill.ca&tool=methnet&linkname=pubmed_pubmed_refs&id=5376193,https://eutils.ncbi.nlm.nih.gov/entrez/eutils/efetch.fcgi?db=pmc&id=5376193&api_key=c2ebc1367e0e6b4ce473b54a14e381487f08&email=kendra.oudyk@mail.mcgill.ca&tool=methnet&WebEnv=NCID_1_16581694_130.14.22.76_9001_1591205502_392702730_0MetA0_S_MegaStore&query_key=1
5385828,26725925,08,2014,Network Science and the Effects of Music Preference on Functional Brain Connectivity: From Beethoven to Eminem,Scientific Reports,[5385828],0,0,0,1,https://eutils.ncbi.nlm.nih.gov/entrez/eutils/esearch.fcgi?&db=pubmed&retmax=100000&api_key=c2ebc1367e0e6b4ce473b54a14e381487f08&email=kendra.oudyk@mail.mcgill.ca&tool=methnet&usehistory=y&term=%22functional+neuroimaging%22[mesh]+AND+music[mesh]+AND+pubmed+pmc+open+access[filter],,https://eutils.ncbi.nlm.nih.gov/entrez/eutils/elink.fcgi?&dbfrom=pubmed&api_key=c2ebc1367e0e6b4ce473b54a14e381487f08&email=kendra.oudyk@mail.mcgill.ca&tool=methnet&linkname=pubmed_pubmed_refs&id=5385828,https://eutils.ncbi.nlm.nih.gov/entrez/eutils/efetch.fcgi?db=pmc&id=5385828&api_key=c2ebc1367e0e6b4ce473b54a14e381487f08&email=kendra.oudyk@mail.mcgill.ca&tool=methnet&WebEnv=NCID_1_16581694_130.14.22.76_9001_1591205502_392702730_0MetA0_S_MegaStore&query_key=1
4247966,26527118,11,2014,Long-Term Effects of Musical Training and Functional Plasticity in Salience System,Neural Plasticity,[4247966],5,2,0,0,https://eutils.ncbi.nlm.nih.gov/entrez/eutils/esearch.fcgi?&db=pubmed&retmax=100000&api_key=c2ebc1367e0e6b4ce473b54a14e381487f08&email=kendra.oudyk@mail.mcgill.ca&tool=methnet&usehistory=y&term=%22functional+neuroimaging%22[mesh]+AND+music[mesh]+AND+pubmed+pmc+open+access[filter],,https://eutils.ncbi.nlm.nih.gov/entrez/eutils/elink.fcgi?&dbfrom=pubmed&api_key=c2ebc1367e0e6b4ce473b54a14e381487f08&email=kendra.oudyk@mail.mcgill.ca&tool=methnet&linkname=pubmed_pubmed_refs&id=4247966,https://eutils.ncbi.nlm.nih.gov/entrez/eutils/efetch.fcgi?db=pmc&id=4247966&api_key=c2ebc1367e0e6b4ce473b54a14e381487f08&email=kendra.oudyk@mail.mcgill.ca&tool=methnet&WebEnv=NCID_1_16581694_130.14.22.76_9001_1591205502_392702730_0MetA0_S_MegaStore&query_key=1
4338545,26525171,01,2015,A number-form area in the blind,Nature Communications,[4338545],0,0,0,0,https://eutils.ncbi.nlm.nih.gov/entrez/eutils/esearch.fcgi?&db=pubmed&retmax=100000&api_key=c2ebc1367e0e6b4ce473b54a14e381487f08&email=kendra.oudyk@mail.mcgill.ca&tool=methnet&usehistory=y&term=%22functional+neuroimaging%22[mesh]+AND+music[mesh]+AND+pubmed+pmc+open+access[filter],,https://eutils.ncbi.nlm.nih.gov/entrez/eutils/elink.fcgi?&dbfrom=pubmed&api_key=c2ebc1367e0e6b4ce473b54a14e381487f08&email=kendra.oudyk@mail.mcgill.ca&tool=methnet&linkname=pubmed_pubmed_refs&id=4338545,https://eutils.ncbi.nlm.nih.gov/entrez/eutils/efetch.fcgi?db=pmc&id=4338545&api_key=c2ebc1367e0e6b4ce473b54a14e381487f08&email=kendra.oudyk@mail.mcgill.ca&tool=methnet&WebEnv=NCID_1_16581694_130.14.22.76_9001_1591205502_392702730_0MetA0_S_MegaStore&query_key=1
4402026,26508813,3,2015,Functional MRI of music emotion processing in frontotemporal dementia,Annals of the New York Academy of Sciences,[4402026],5,0,0,2,https://eutils.ncbi.nlm.nih.gov/entrez/eutils/esearch.fcgi?&db=pubmed&retmax=100000&api_key=c2ebc1367e0e6b4ce473b54a14e381487f08&email=kendra.oudyk@mail.mcgill.ca&tool=methnet&usehistory=y&term=%22functional+neuroimaging%22[mesh]+AND+music[mesh]+AND+pubmed+pmc+open+access[filter],,https://eutils.ncbi.nlm.nih.gov/entrez/eutils/elink.fcgi?&dbfrom=pubmed&api_key=c2ebc1367e0e6b4ce473b54a14e381487f08&email=kendra.oudyk@mail.mcgill.ca&tool=methnet&linkname=pubmed_pubmed_refs&id=4402026,https://eutils.ncbi.nlm.nih.gov/entrez/eutils/efetch.fcgi?db=pmc&id=4402026&api_key=c2ebc1367e0e6b4ce473b54a14e381487f08&email=kendra.oudyk@mail.mcgill.ca&tool=methnet&WebEnv=NCID_1_16581694_130.14.22.76_9001_1591205502_392702730_0MetA0_S_MegaStore&query_key=1
4606127,26504354,9,2015,A Voxel-Based Morphometry Study of the Brain of University Students Majoring in Music and Nonmusic Disciplines,Behavioural Neurology,[4606127],2,0,0,0,https://eutils.ncbi.nlm.nih.gov/entrez/eutils/esearch.fcgi?&db=pubmed&retmax=100000&api_key=c2ebc1367e0e6b4ce473b54a14e381487f08&email=kendra.oudyk@mail.mcgill.ca&tool=methnet&usehistory=y&term=%22functional+neuroimaging%22[mesh]+AND+music[mesh]+AND+pubmed+pmc+open+access[filter],,https://eutils.ncbi.nlm.nih.gov/entrez/eutils/elink.fcgi?&dbfrom=pubmed&api_key=c2ebc1367e0e6b4ce473b54a14e381487f08&email=kendra.oudyk@mail.mcgill.ca&tool=methnet&linkname=pubmed_pubmed_refs&id=4606127,https://eutils.ncbi.nlm.nih.gov/entrez/eutils/efetch.fcgi?db=pmc&id=4606127&api_key=c2ebc1367e0e6b4ce473b54a14e381487f08&email=kendra.oudyk@mail.mcgill.ca&tool=methnet&WebEnv=NCID_1_16581694_130.14.22.76_9001_1591205502_392702730_0MetA0_S_MegaStore&query_key=1
4609411,26504353,10,2015,The Mismatch Negativity: An Indicator of Perception of Regularities in Music,Behavioural Neurology,[4609411],0,0,0,0,https://eutils.ncbi.nlm.nih.gov/entrez/eutils/esearch.fcgi?&db=pubmed&retmax=100000&api_key=c2ebc1367e0e6b4ce473b54a14e381487f08&email=kendra.oudyk@mail.mcgill.ca&tool=methnet&usehistory=y&term=%22functional+neuroimaging%22[mesh]+AND+music[mesh]+AND+pubmed+pmc+open+access[filter],,https://eutils.ncbi.nlm.nih.gov/entrez/eutils/elink.fcgi?&dbfrom=pubmed&api_key=c2ebc1367e0e6b4ce473b54a14e381487f08&email=kendra.oudyk@mail.mcgill.ca&tool=methnet&linkname=pubmed_pubmed_refs&id=4609411,https://eutils.ncbi.nlm.nih.gov/entrez/eutils/efetch.fcgi?db=pmc&id=4609411&api_key=c2ebc1367e0e6b4ce473b54a14e381487f08&email=kendra.oudyk@mail.mcgill.ca&tool=methnet&WebEnv=NCID_1_16581694_130.14.22.76_9001_1591205502_392702730_0MetA0_S_MegaStore&query_key=1
4609410,26504352,10,2015,"Inferior Frontal Gyrus Activation Underlies the Perception of Emotions, While Precuneus Activation Underlies the Feeling of Emotions during Music Listening",Behavioural Neurology,[4609410],1,0,0,0,https://eutils.ncbi.nlm.nih.gov/entrez/eutils/esearch.fcgi?&db=pubmed&retmax=100000&api_key=c2ebc1367e0e6b4ce473b54a14e381487f08&email=kendra.oudyk@mail.mcgill.ca&tool=methnet&usehistory=y&term=%22functional+neuroimaging%22[mesh]+AND+music[mesh]+AND+pubmed+pmc+open+access[filter],,https://eutils.ncbi.nlm.nih.gov/entrez/eutils/elink.fcgi?&dbfrom=pubmed&api_key=c2ebc1367e0e6b4ce473b54a14e381487f08&email=kendra.oudyk@mail.mcgill.ca&tool=methnet&linkname=pubmed_pubmed_refs&id=4609410,https://eutils.ncbi.nlm.nih.gov/entrez/eutils/efetch.fcgi?db=pmc&id=4609410&api_key=c2ebc1367e0e6b4ce473b54a14e381487f08&email=kendra.oudyk@mail.mcgill.ca&tool=methnet&WebEnv=NCID_1_16581694_130.14.22.76_9001_1591205502_392702730_0MetA0_S_MegaStore&query_key=1
4609420,26494943,10,2015,Interaction of Musicianship and Aging: A Comparison of Cortical Auditory Evoked Potentials,Behavioural Neurology,[4609420],0,0,0,0,https://eutils.ncbi.nlm.nih.gov/entrez/eutils/esearch.fcgi?&db=pubmed&retmax=100000&api_key=c2ebc1367e0e6b4ce473b54a14e381487f08&email=kendra.oudyk@mail.mcgill.ca&tool=methnet&usehistory=y&term=%22functional+neuroimaging%22[mesh]+AND+music[mesh]+AND+pubmed+pmc+open+access[filter],,https://eutils.ncbi.nlm.nih.gov/entrez/eutils/elink.fcgi?&dbfrom=pubmed&api_key=c2ebc1367e0e6b4ce473b54a14e381487f08&email=kendra.oudyk@mail.mcgill.ca&tool=methnet&linkname=pubmed_pubmed_refs&id=4609420,https://eutils.ncbi.nlm.nih.gov/entrez/eutils/efetch.fcgi?db=pmc&id=4609420&api_key=c2ebc1367e0e6b4ce473b54a14e381487f08&email=kendra.oudyk@mail.mcgill.ca&tool=methnet&WebEnv=NCID_1_16581694_130.14.22.76_9001_1591205502_392702730_0MetA0_S_MegaStore&query_key=1
4609813,25773639,10,2015,The Influence of Music on Prefrontal Cortex during Episodic Encoding and Retrieval of Verbal Information: A Multichannel fNIRS Study,Behavioural Neurology,[4609813],0,0,0,0,https://eutils.ncbi.nlm.nih.gov/entrez/eutils/esearch.fcgi?&db=pubmed&retmax=100000&api_key=c2ebc1367e0e6b4ce473b54a14e381487f08&email=kendra.oudyk@mail.mcgill.ca&tool=methnet&usehistory=y&term=%22functional+neuroimaging%22[mesh]+AND+music[mesh]+AND+pubmed+pmc+open+access[filter],,https://eutils.ncbi.nlm.nih.gov/entrez/eutils/elink.fcgi?&dbfrom=pubmed&api_key=c2ebc1367e0e6b4ce473b54a14e381487f08&email=kendra.oudyk@mail.mcgill.ca&tool=methnet&linkname=pubmed_pubmed_refs&id=4609813,https://eutils.ncbi.nlm.nih.gov/entrez/eutils/efetch.fcgi?db=pmc&id=4609813&api_key=c2ebc1367e0e6b4ce473b54a14e381487f08&email=kendra.oudyk@mail.mcgill.ca&tool=methnet&WebEnv=NCID_1_16581694_130.14.22.76_9001_1591205502_392702730_0MetA0_S_MegaStore&query_key=1
4617427,25613599,10,2015,Sound Richness of Music Might Be Mediated by Color Perception: A PET Study,Behavioural Neurology,[4617427],0,0,0,0,https://eutils.ncbi.nlm.nih.gov/entrez/eutils/esearch.fcgi?&db=pubmed&retmax=100000&api_key=c2ebc1367e0e6b4ce473b54a14e381487f08&email=kendra.oudyk@mail.mcgill.ca&tool=methnet&usehistory=y&term=%22functional+neuroimaging%22[mesh]+AND+music[mesh]+AND+pubmed+pmc+open+access[filter],,https://eutils.ncbi.nlm.nih.gov/entrez/eutils/elink.fcgi?&dbfrom=pubmed&api_key=c2ebc1367e0e6b4ce473b54a14e381487f08&email=kendra.oudyk@mail.mcgill.ca&tool=methnet&linkname=pubmed_pubmed_refs&id=4617427,https://eutils.ncbi.nlm.nih.gov/entrez/eutils/efetch.fcgi?db=pmc&id=4617427&api_key=c2ebc1367e0e6b4ce473b54a14e381487f08&email=kendra.oudyk@mail.mcgill.ca&tool=methnet&WebEnv=NCID_1_16581694_130.14.22.76_9001_1591205502_392702730_0MetA0_S_MegaStore&query_key=1
4617417,25478236,10,2015,Musical Sequence Learning and EEG Correlates of Audiomotor Processing,Behavioural Neurology,[4617417],0,0,0,0,https://eutils.ncbi.nlm.nih.gov/entrez/eutils/esearch.fcgi?&db=pubmed&retmax=100000&api_key=c2ebc1367e0e6b4ce473b54a14e381487f08&email=kendra.oudyk@mail.mcgill.ca&tool=methnet&usehistory=y&term=%22functional+neuroimaging%22[mesh]+AND+music[mesh]+AND+pubmed+pmc+open+access[filter],,https://eutils.ncbi.nlm.nih.gov/entrez/eutils/elink.fcgi?&dbfrom=pubmed&api_key=c2ebc1367e0e6b4ce473b54a14e381487f08&email=kendra.oudyk@mail.mcgill.ca&tool=methnet&linkname=pubmed_pubmed_refs&id=4617417,https://eutils.ncbi.nlm.nih.gov/entrez/eutils/efetch.fcgi?db=pmc&id=4617417&api_key=c2ebc1367e0e6b4ce473b54a14e381487f08&email=kendra.oudyk@mail.mcgill.ca&tool=methnet&WebEnv=NCID_1_16581694_130.14.22.76_9001_1591205502_392702730_0MetA0_S_MegaStore&query_key=1
4698722,25167363,01,2016,Emotional Intent Modulates The Neural Substrates Of Creativity: An fMRI Study of Emotionally Targeted Improvisation in Jazz Musicians,Scientific Reports,[4698722],2,0,0,0,https://eutils.ncbi.nlm.nih.gov/entrez/eutils/esearch.fcgi?&db=pubmed&retmax=100000&api_key=c2ebc1367e0e6b4ce473b54a14e381487f08&email=kendra.oudyk@mail.mcgill.ca&tool=methnet&usehistory=y&term=%22functional+neuroimaging%22[mesh]+AND+music[mesh]+AND+pubmed+pmc+open+access[filter],,https://eutils.ncbi.nlm.nih.gov/entrez/eutils/elink.fcgi?&dbfrom=pubmed&api_key=c2ebc1367e0e6b4ce473b54a14e381487f08&email=kendra.oudyk@mail.mcgill.ca&tool=methnet&linkname=pubmed_pubmed_refs&id=4698722,https://eutils.ncbi.nlm.nih.gov/entrez/eutils/efetch.fcgi?db=pmc&id=4698722&api_key=c2ebc1367e0e6b4ce473b54a14e381487f08&email=kendra.oudyk@mail.mcgill.ca&tool=methnet&WebEnv=NCID_1_16581694_130.14.22.76_9001_1591205502_392702730_0MetA0_S_MegaStore&query_key=1
4726113,25070060,01,2016,Effects of veridical expectations on syntax processing in music: Event-related potential evidence,Scientific Reports,[4726113],0,0,0,0,https://eutils.ncbi.nlm.nih.gov/entrez/eutils/esearch.fcgi?&db=pubmed&retmax=100000&api_key=c2ebc1367e0e6b4ce473b54a14e381487f08&email=kendra.oudyk@mail.mcgill.ca&tool=methnet&usehistory=y&term=%22functional+neuroimaging%22[mesh]+AND+music[mesh]+AND+pubmed+pmc+open+access[filter],,https://eutils.ncbi.nlm.nih.gov/entrez/eutils/elink.fcgi?&dbfrom=pubmed&api_key=c2ebc1367e0e6b4ce473b54a14e381487f08&email=kendra.oudyk@mail.mcgill.ca&tool=methnet&linkname=pubmed_pubmed_refs&id=4726113,https://eutils.ncbi.nlm.nih.gov/entrez/eutils/efetch.fcgi?db=pmc&id=4726113&api_key=c2ebc1367e0e6b4ce473b54a14e381487f08&email=kendra.oudyk@mail.mcgill.ca&tool=methnet&WebEnv=NCID_1_16581694_130.14.22.76_9001_1591205502_392702730_0MetA0_S_MegaStore&query_key=1
4749173,24937544,2,2016,Song Perception by Professional Singers and Actors: An MEG Study,PLoS ONE,[4749173],0,0,0,0,https://eutils.ncbi.nlm.nih.gov/entrez/eutils/esearch.fcgi?&db=pubmed&retmax=100000&api_key=c2ebc1367e0e6b4ce473b54a14e381487f08&email=kendra.oudyk@mail.mcgill.ca&tool=methnet&usehistory=y&term=%22functional+neuroimaging%22[mesh]+AND+music[mesh]+AND+pubmed+pmc+open+access[filter],,https://eutils.ncbi.nlm.nih.gov/entrez/eutils/elink.fcgi?&dbfrom=pubmed&api_key=c2ebc1367e0e6b4ce473b54a14e381487f08&email=kendra.oudyk@mail.mcgill.ca&tool=methnet&linkname=pubmed_pubmed_refs&id=4749173,https://eutils.ncbi.nlm.nih.gov/entrez/eutils/efetch.fcgi?db=pmc&id=4749173&api_key=c2ebc1367e0e6b4ce473b54a14e381487f08&email=kendra.oudyk@mail.mcgill.ca&tool=methnet&WebEnv=NCID_1_16581694_130.14.22.76_9001_1591205502_392702730_0MetA0_S_MegaStore&query_key=1
4723992,24907450,12,2015,Neural correlates of processing harmonic expectancy violations in children and adolescents with OCD,NeuroImage : Clinical,[4723992],5,0,0,0,https://eutils.ncbi.nlm.nih.gov/entrez/eutils/esearch.fcgi?&db=pubmed&retmax=100000&api_key=c2ebc1367e0e6b4ce473b54a14e381487f08&email=kendra.oudyk@mail.mcgill.ca&tool=methnet&usehistory=y&term=%22functional+neuroimaging%22[mesh]+AND+music[mesh]+AND+pubmed+pmc+open+access[filter],,https://eutils.ncbi.nlm.nih.gov/entrez/eutils/elink.fcgi?&dbfrom=pubmed&api_key=c2ebc1367e0e6b4ce473b54a14e381487f08&email=kendra.oudyk@mail.mcgill.ca&tool=methnet&linkname=pubmed_pubmed_refs&id=4723992,https://eutils.ncbi.nlm.nih.gov/entrez/eutils/efetch.fcgi?db=pmc&id=4723992&api_key=c2ebc1367e0e6b4ce473b54a14e381487f08&email=kendra.oudyk@mail.mcgill.ca&tool=methnet&WebEnv=NCID_1_16581694_130.14.22.76_9001_1591205502_392702730_0MetA0_S_MegaStore&query_key=1
4902194,24714661,6,2016,Neural Processing of Emotional Musical and Nonmusical Stimuli in Depression,PLoS ONE,[4902194],0,7,0,0,https://eutils.ncbi.nlm.nih.gov/entrez/eutils/esearch.fcgi?&db=pubmed&retmax=100000&api_key=c2ebc1367e0e6b4ce473b54a14e381487f08&email=kendra.oudyk@mail.mcgill.ca&tool=methnet&usehistory=y&term=%22functional+neuroimaging%22[mesh]+AND+music[mesh]+AND+pubmed+pmc+open+access[filter],,https://eutils.ncbi.nlm.nih.gov/entrez/eutils/elink.fcgi?&dbfrom=pubmed&api_key=c2ebc1367e0e6b4ce473b54a14e381487f08&email=kendra.oudyk@mail.mcgill.ca&tool=methnet&linkname=pubmed_pubmed_refs&id=4902194,https://eutils.ncbi.nlm.nih.gov/entrez/eutils/efetch.fcgi?db=pmc&id=4902194&api_key=c2ebc1367e0e6b4ce473b54a14e381487f08&email=kendra.oudyk@mail.mcgill.ca&tool=methnet&WebEnv=NCID_1_16581694_130.14.22.76_9001_1591205502_392702730_0MetA0_S_MegaStore&query_key=1
6987702,24595014,4,2016,Neural correlates of accelerated auditory processing in children engaged in music training,Developmental Cognitive Neuroscience,[6987702],0,0,0,0,https://eutils.ncbi.nlm.nih.gov/entrez/eutils/esearch.fcgi?&db=pubmed&retmax=100000&api_key=c2ebc1367e0e6b4ce473b54a14e381487f08&email=kendra.oudyk@mail.mcgill.ca&tool=methnet&usehistory=y&term=%22functional+neuroimaging%22[mesh]+AND+music[mesh]+AND+pubmed+pmc+open+access[filter],,https://eutils.ncbi.nlm.nih.gov/entrez/eutils/elink.fcgi?&dbfrom=pubmed&api_key=c2ebc1367e0e6b4ce473b54a14e381487f08&email=kendra.oudyk@mail.mcgill.ca&tool=methnet&linkname=pubmed_pubmed_refs&id=6987702,https://eutils.ncbi.nlm.nih.gov/entrez/eutils/efetch.fcgi?db=pmc&id=6987702&api_key=c2ebc1367e0e6b4ce473b54a14e381487f08&email=kendra.oudyk@mail.mcgill.ca&tool=methnet&WebEnv=NCID_1_16581694_130.14.22.76_9001_1591205502_392702730_0MetA0_S_MegaStore&query_key=1
4972935,24586366,7,2016,Comparing the Performance of Popular MEG/EEG Artifact Correction Methods in an Evoked-Response Study,Computational Intelligence and Neuroscience,[4972935],0,0,0,0,https://eutils.ncbi.nlm.nih.gov/entrez/eutils/esearch.fcgi?&db=pubmed&retmax=100000&api_key=c2ebc1367e0e6b4ce473b54a14e381487f08&email=kendra.oudyk@mail.mcgill.ca&tool=methnet&usehistory=y&term=%22functional+neuroimaging%22[mesh]+AND+music[mesh]+AND+pubmed+pmc+open+access[filter],,https://eutils.ncbi.nlm.nih.gov/entrez/eutils/elink.fcgi?&dbfrom=pubmed&api_key=c2ebc1367e0e6b4ce473b54a14e381487f08&email=kendra.oudyk@mail.mcgill.ca&tool=methnet&linkname=pubmed_pubmed_refs&id=4972935,https://eutils.ncbi.nlm.nih.gov/entrez/eutils/efetch.fcgi?db=pmc&id=4972935&api_key=c2ebc1367e0e6b4ce473b54a14e381487f08&email=kendra.oudyk@mail.mcgill.ca&tool=methnet&WebEnv=NCID_1_16581694_130.14.22.76_9001_1591205502_392702730_0MetA0_S_MegaStore&query_key=1
5105996,24581119,11,2016,Behavioral Quantification of Audiomotor Transformations in Improvising and Score-Dependent Musicians,PLoS ONE,"[5105996, 13327061, 13241982, 5389974, 5229951]",0,0,0,0,https://eutils.ncbi.nlm.nih.gov/entrez/eutils/esearch.fcgi?&db=pubmed&retmax=100000&api_key=c2ebc1367e0e6b4ce473b54a14e381487f08&email=kendra.oudyk@mail.mcgill.ca&tool=methnet&usehistory=y&term=%22functional+neuroimaging%22[mesh]+AND+music[mesh]+AND+pubmed+pmc+open+access[filter],,https://eutils.ncbi.nlm.nih.gov/entrez/eutils/elink.fcgi?&dbfrom=pubmed&api_key=c2ebc1367e0e6b4ce473b54a14e381487f08&email=kendra.oudyk@mail.mcgill.ca&tool=methnet&linkname=pubmed_pubmed_refs&id=5105996,https://eutils.ncbi.nlm.nih.gov/entrez/eutils/efetch.fcgi?db=pmc&id=5105996&api_key=c2ebc1367e0e6b4ce473b54a14e381487f08&email=kendra.oudyk@mail.mcgill.ca&tool=methnet&WebEnv=NCID_1_16581694_130.14.22.76_9001_1591205502_392702730_0MetA0_S_MegaStore&query_key=1
5270640,24475030,2,2017,Investigating the use of a Gammatone filterbank for a cochlear implant coding strategy,Journal of Neuroscience Methods,[5270640],0,0,0,0,https://eutils.ncbi.nlm.nih.gov/entrez/eutils/esearch.fcgi?&db=pubmed&retmax=100000&api_key=c2ebc1367e0e6b4ce473b54a14e381487f08&email=kendra.oudyk@mail.mcgill.ca&tool=methnet&usehistory=y&term=%22functional+neuroimaging%22[mesh]+AND+music[mesh]+AND+pubmed+pmc+open+access[filter],,https://eutils.ncbi.nlm.nih.gov/entrez/eutils/elink.fcgi?&dbfrom=pubmed&api_key=c2ebc1367e0e6b4ce473b54a14e381487f08&email=kendra.oudyk@mail.mcgill.ca&tool=methnet&linkname=pubmed_pubmed_refs&id=5270640,https://eutils.ncbi.nlm.nih.gov/entrez/eutils/efetch.fcgi?db=pmc&id=5270640&api_key=c2ebc1367e0e6b4ce473b54a14e381487f08&email=kendra.oudyk@mail.mcgill.ca&tool=methnet&WebEnv=NCID_1_16581694_130.14.22.76_9001_1591205502_392702730_0MetA0_S_MegaStore&query_key=1
5361869,24465675,3,2017,Processing of emotional faces in congenital amusia: An emotional music priming event-related potential study,NeuroImage : Clinical,[5361869],0,0,0,0,https://eutils.ncbi.nlm.nih.gov/entrez/eutils/esearch.fcgi?&db=pubmed&retmax=100000&api_key=c2ebc1367e0e6b4ce473b54a14e381487f08&email=kendra.oudyk@mail.mcgill.ca&tool=methnet&usehistory=y&term=%22functional+neuroimaging%22[mesh]+AND+music[mesh]+AND+pubmed+pmc+open+access[filter],,https://eutils.ncbi.nlm.nih.gov/entrez/eutils/elink.fcgi?&dbfrom=pubmed&api_key=c2ebc1367e0e6b4ce473b54a14e381487f08&email=kendra.oudyk@mail.mcgill.ca&tool=methnet&linkname=pubmed_pubmed_refs&id=5361869,https://eutils.ncbi.nlm.nih.gov/entrez/eutils/efetch.fcgi?db=pmc&id=5361869&api_key=c2ebc1367e0e6b4ce473b54a14e381487f08&email=kendra.oudyk@mail.mcgill.ca&tool=methnet&WebEnv=NCID_1_16581694_130.14.22.76_9001_1591205502_392702730_0MetA0_S_MegaStore&query_key=1
6013515,24069414,4,2017,Effects of auditory distraction on voluntary movements: exploring the underlying mechanisms associated with parallel processing,Psychological Research,[6013515],0,0,0,0,https://eutils.ncbi.nlm.nih.gov/entrez/eutils/esearch.fcgi?&db=pubmed&retmax=100000&api_key=c2ebc1367e0e6b4ce473b54a14e381487f08&email=kendra.oudyk@mail.mcgill.ca&tool=methnet&usehistory=y&term=%22functional+neuroimaging%22[mesh]+AND+music[mesh]+AND+pubmed+pmc+open+access[filter],,https://eutils.ncbi.nlm.nih.gov/entrez/eutils/elink.fcgi?&dbfrom=pubmed&api_key=c2ebc1367e0e6b4ce473b54a14e381487f08&email=kendra.oudyk@mail.mcgill.ca&tool=methnet&linkname=pubmed_pubmed_refs&id=6013515,https://eutils.ncbi.nlm.nih.gov/entrez/eutils/efetch.fcgi?db=pmc&id=6013515&api_key=c2ebc1367e0e6b4ce473b54a14e381487f08&email=kendra.oudyk@mail.mcgill.ca&tool=methnet&WebEnv=NCID_1_16581694_130.14.22.76_9001_1591205502_392702730_0MetA0_S_MegaStore&query_key=1
5396975,24056298,4,2017,Sensory cortical response to uncertainty and low salience during recognition of affective cues in musical intervals,PLoS ONE,[5396975],4,0,0,0,https://eutils.ncbi.nlm.nih.gov/entrez/eutils/esearch.fcgi?&db=pubmed&retmax=100000&api_key=c2ebc1367e0e6b4ce473b54a14e381487f08&email=kendra.oudyk@mail.mcgill.ca&tool=methnet&usehistory=y&term=%22functional+neuroimaging%22[mesh]+AND+music[mesh]+AND+pubmed+pmc+open+access[filter],,https://eutils.ncbi.nlm.nih.gov/entrez/eutils/elink.fcgi?&dbfrom=pubmed&api_key=c2ebc1367e0e6b4ce473b54a14e381487f08&email=kendra.oudyk@mail.mcgill.ca&tool=methnet&linkname=pubmed_pubmed_refs&id=5396975,https://eutils.ncbi.nlm.nih.gov/entrez/eutils/efetch.fcgi?db=pmc&id=5396975&api_key=c2ebc1367e0e6b4ce473b54a14e381487f08&email=kendra.oudyk@mail.mcgill.ca&tool=methnet&WebEnv=NCID_1_16581694_130.14.22.76_9001_1591205502_392702730_0MetA0_S_MegaStore&query_key=1
5595783,24040094,9,2017,Functional neural changes associated with acquired amusia across different stages of recovery after stroke,Scientific Reports,[5595783],6,0,0,0,https://eutils.ncbi.nlm.nih.gov/entrez/eutils/esearch.fcgi?&db=pubmed&retmax=100000&api_key=c2ebc1367e0e6b4ce473b54a14e381487f08&email=kendra.oudyk@mail.mcgill.ca&tool=methnet&usehistory=y&term=%22functional+neuroimaging%22[mesh]+AND+music[mesh]+AND+pubmed+pmc+open+access[filter],,https://eutils.ncbi.nlm.nih.gov/entrez/eutils/elink.fcgi?&dbfrom=pubmed&api_key=c2ebc1367e0e6b4ce473b54a14e381487f08&email=kendra.oudyk@mail.mcgill.ca&tool=methnet&linkname=pubmed_pubmed_refs&id=5595783,https://eutils.ncbi.nlm.nih.gov/entrez/eutils/efetch.fcgi?db=pmc&id=5595783&api_key=c2ebc1367e0e6b4ce473b54a14e381487f08&email=kendra.oudyk@mail.mcgill.ca&tool=methnet&WebEnv=NCID_1_16581694_130.14.22.76_9001_1591205502_392702730_0MetA0_S_MegaStore&query_key=1
5795345,23717527,1,2018,Cannabis Dampens the Effects of Music in Brain Regions Sensitive to Reward and Emotion,International Journal of Neuropsychopharmacology,[5795345],5,0,0,0,https://eutils.ncbi.nlm.nih.gov/entrez/eutils/esearch.fcgi?&db=pubmed&retmax=100000&api_key=c2ebc1367e0e6b4ce473b54a14e381487f08&email=kendra.oudyk@mail.mcgill.ca&tool=methnet&usehistory=y&term=%22functional+neuroimaging%22[mesh]+AND+music[mesh]+AND+pubmed+pmc+open+access[filter],,https://eutils.ncbi.nlm.nih.gov/entrez/eutils/elink.fcgi?&dbfrom=pubmed&api_key=c2ebc1367e0e6b4ce473b54a14e381487f08&email=kendra.oudyk@mail.mcgill.ca&tool=methnet&linkname=pubmed_pubmed_refs&id=5795345,https://eutils.ncbi.nlm.nih.gov/entrez/eutils/efetch.fcgi?db=pmc&id=5795345&api_key=c2ebc1367e0e6b4ce473b54a14e381487f08&email=kendra.oudyk@mail.mcgill.ca&tool=methnet&WebEnv=NCID_1_16581694_130.14.22.76_9001_1591205502_392702730_0MetA0_S_MegaStore&query_key=1
5663956,23585888,10,2017,Effects of Sad and Happy Music on Mind-Wandering and the Default Mode Network,Scientific Reports,[5663956],0,0,0,0,https://eutils.ncbi.nlm.nih.gov/entrez/eutils/esearch.fcgi?&db=pubmed&retmax=100000&api_key=c2ebc1367e0e6b4ce473b54a14e381487f08&email=kendra.oudyk@mail.mcgill.ca&tool=methnet&usehistory=y&term=%22functional+neuroimaging%22[mesh]+AND+music[mesh]+AND+pubmed+pmc+open+access[filter],,https://eutils.ncbi.nlm.nih.gov/entrez/eutils/elink.fcgi?&dbfrom=pubmed&api_key=c2ebc1367e0e6b4ce473b54a14e381487f08&email=kendra.oudyk@mail.mcgill.ca&tool=methnet&linkname=pubmed_pubmed_refs&id=5663956,https://eutils.ncbi.nlm.nih.gov/entrez/eutils/efetch.fcgi?db=pmc&id=5663956&api_key=c2ebc1367e0e6b4ce473b54a14e381487f08&email=kendra.oudyk@mail.mcgill.ca&tool=methnet&WebEnv=NCID_1_16581694_130.14.22.76_9001_1591205502_392702730_0MetA0_S_MegaStore&query_key=1
5719057,23166768,12,2017,Musical Imagery Involves Wernicke’s Area in Bilateral and Anti-Correlated Network Interactions in Musicians,Scientific Reports,[5719057],0,3,0,0,https://eutils.ncbi.nlm.nih.gov/entrez/eutils/esearch.fcgi?&db=pubmed&retmax=100000&api_key=c2ebc1367e0e6b4ce473b54a14e381487f08&email=kendra.oudyk@mail.mcgill.ca&tool=methnet&usehistory=y&term=%22functional+neuroimaging%22[mesh]+AND+music[mesh]+AND+pubmed+pmc+open+access[filter],,https://eutils.ncbi.nlm.nih.gov/entrez/eutils/elink.fcgi?&dbfrom=pubmed&api_key=c2ebc1367e0e6b4ce473b54a14e381487f08&email=kendra.oudyk@mail.mcgill.ca&tool=methnet&linkname=pubmed_pubmed_refs&id=5719057,https://eutils.ncbi.nlm.nih.gov/entrez/eutils/efetch.fcgi?db=pmc&id=5719057&api_key=c2ebc1367e0e6b4ce473b54a14e381487f08&email=kendra.oudyk@mail.mcgill.ca&tool=methnet&WebEnv=NCID_1_16581694_130.14.22.76_9001_1591205502_392702730_0MetA0_S_MegaStore&query_key=1
5732294,23155479,12,2017,Connectome-harmonic decomposition of human brain activity reveals dynamical repertoire re-organization under LSD,Scientific Reports,[5732294],0,0,0,0,https://eutils.ncbi.nlm.nih.gov/entrez/eutils/esearch.fcgi?&db=pubmed&retmax=100000&api_key=c2ebc1367e0e6b4ce473b54a14e381487f08&email=kendra.oudyk@mail.mcgill.ca&tool=methnet&usehistory=y&term=%22functional+neuroimaging%22[mesh]+AND+music[mesh]+AND+pubmed+pmc+open+access[filter],,https://eutils.ncbi.nlm.nih.gov/entrez/eutils/elink.fcgi?&dbfrom=pubmed&api_key=c2ebc1367e0e6b4ce473b54a14e381487f08&email=kendra.oudyk@mail.mcgill.ca&tool=methnet&linkname=pubmed_pubmed_refs&id=5732294,https://eutils.ncbi.nlm.nih.gov/entrez/eutils/efetch.fcgi?db=pmc&id=5732294&api_key=c2ebc1367e0e6b4ce473b54a14e381487f08&email=kendra.oudyk@mail.mcgill.ca&tool=methnet&WebEnv=NCID_1_16581694_130.14.22.76_9001_1591205502_392702730_0MetA0_S_MegaStore&query_key=1
5768727,23029492,1,2018,Decoding Musical Training from Dynamic Processing of Musical Features in the Brain,Scientific Reports,[5768727],3,0,0,0,https://eutils.ncbi.nlm.nih.gov/entrez/eutils/esearch.fcgi?&db=pubmed&retmax=100000&api_key=c2ebc1367e0e6b4ce473b54a14e381487f08&email=kendra.oudyk@mail.mcgill.ca&tool=methnet&usehistory=y&term=%22functional+neuroimaging%22[mesh]+AND+music[mesh]+AND+pubmed+pmc+open+access[filter],,https://eutils.ncbi.nlm.nih.gov/entrez/eutils/elink.fcgi?&dbfrom=pubmed&api_key=c2ebc1367e0e6b4ce473b54a14e381487f08&email=kendra.oudyk@mail.mcgill.ca&tool=methnet&linkname=pubmed_pubmed_refs&id=5768727,https://eutils.ncbi.nlm.nih.gov/entrez/eutils/efetch.fcgi?db=pmc&id=5768727&api_key=c2ebc1367e0e6b4ce473b54a14e381487f08&email=kendra.oudyk@mail.mcgill.ca&tool=methnet&WebEnv=NCID_1_16581694_130.14.22.76_9001_1591205502_392702730_0MetA0_S_MegaStore&query_key=1
5821852,22989579,2,2018,Representations of naturalistic stimulus complexity in early and associative visual and auditory cortices,Scientific Reports,[5821852],3,0,0,0,https://eutils.ncbi.nlm.nih.gov/entrez/eutils/esearch.fcgi?&db=pubmed&retmax=100000&api_key=c2ebc1367e0e6b4ce473b54a14e381487f08&email=kendra.oudyk@mail.mcgill.ca&tool=methnet&usehistory=y&term=%22functional+neuroimaging%22[mesh]+AND+music[mesh]+AND+pubmed+pmc+open+access[filter],,https://eutils.ncbi.nlm.nih.gov/entrez/eutils/elink.fcgi?&dbfrom=pubmed&api_key=c2ebc1367e0e6b4ce473b54a14e381487f08&email=kendra.oudyk@mail.mcgill.ca&tool=methnet&linkname=pubmed_pubmed_refs&id=5821852,https://eutils.ncbi.nlm.nih.gov/entrez/eutils/efetch.fcgi?db=pmc&id=5821852&api_key=c2ebc1367e0e6b4ce473b54a14e381487f08&email=kendra.oudyk@mail.mcgill.ca&tool=methnet&WebEnv=NCID_1_16581694_130.14.22.76_9001_1591205502_392702730_0MetA0_S_MegaStore&query_key=1
5943892,22586478,1,2018,Generate the scale-free brain music from BOLD signals,Medicine,[5943892],1,0,0,4,https://eutils.ncbi.nlm.nih.gov/entrez/eutils/esearch.fcgi?&db=pubmed&retmax=100000&api_key=c2ebc1367e0e6b4ce473b54a14e381487f08&email=kendra.oudyk@mail.mcgill.ca&tool=methnet&usehistory=y&term=%22functional+neuroimaging%22[mesh]+AND+music[mesh]+AND+pubmed+pmc+open+access[filter],,https://eutils.ncbi.nlm.nih.gov/entrez/eutils/elink.fcgi?&dbfrom=pubmed&api_key=c2ebc1367e0e6b4ce473b54a14e381487f08&email=kendra.oudyk@mail.mcgill.ca&tool=methnet&linkname=pubmed_pubmed_refs&id=5943892,https://eutils.ncbi.nlm.nih.gov/entrez/eutils/efetch.fcgi?db=pmc&id=5943892&api_key=c2ebc1367e0e6b4ce473b54a14e381487f08&email=kendra.oudyk@mail.mcgill.ca&tool=methnet&WebEnv=NCID_1_16581694_130.14.22.76_9001_1591205502_392702730_0MetA0_S_MegaStore&query_key=1
5854697,22499797,3,2018,Theta Coherence Asymmetry in the Dorsal Stream of Musicians Facilitates Word Learning,Scientific Reports,[5854697],0,0,0,0,https://eutils.ncbi.nlm.nih.gov/entrez/eutils/esearch.fcgi?&db=pubmed&retmax=100000&api_key=c2ebc1367e0e6b4ce473b54a14e381487f08&email=kendra.oudyk@mail.mcgill.ca&tool=methnet&usehistory=y&term=%22functional+neuroimaging%22[mesh]+AND+music[mesh]+AND+pubmed+pmc+open+access[filter],,https://eutils.ncbi.nlm.nih.gov/entrez/eutils/elink.fcgi?&dbfrom=pubmed&api_key=c2ebc1367e0e6b4ce473b54a14e381487f08&email=kendra.oudyk@mail.mcgill.ca&tool=methnet&linkname=pubmed_pubmed_refs&id=5854697,https://eutils.ncbi.nlm.nih.gov/entrez/eutils/efetch.fcgi?db=pmc&id=5854697&api_key=c2ebc1367e0e6b4ce473b54a14e381487f08&email=kendra.oudyk@mail.mcgill.ca&tool=methnet&WebEnv=NCID_1_16581694_130.14.22.76_9001_1591205502_392702730_0MetA0_S_MegaStore&query_key=1
6092559,22178712,8,2018,Early neural responses underlie advantages for consonance over dissonance,Neuropsychologia,[6092559],0,0,0,0,https://eutils.ncbi.nlm.nih.gov/entrez/eutils/esearch.fcgi?&db=pubmed&retmax=100000&api_key=c2ebc1367e0e6b4ce473b54a14e381487f08&email=kendra.oudyk@mail.mcgill.ca&tool=methnet&usehistory=y&term=%22functional+neuroimaging%22[mesh]+AND+music[mesh]+AND+pubmed+pmc+open+access[filter],,https://eutils.ncbi.nlm.nih.gov/entrez/eutils/elink.fcgi?&dbfrom=pubmed&api_key=c2ebc1367e0e6b4ce473b54a14e381487f08&email=kendra.oudyk@mail.mcgill.ca&tool=methnet&linkname=pubmed_pubmed_refs&id=6092559,https://eutils.ncbi.nlm.nih.gov/entrez/eutils/efetch.fcgi?db=pmc&id=6092559&api_key=c2ebc1367e0e6b4ce473b54a14e381487f08&email=kendra.oudyk@mail.mcgill.ca&tool=methnet&WebEnv=NCID_1_16581694_130.14.22.76_9001_1591205502_392702730_0MetA0_S_MegaStore&query_key=1
6022360,21559468,5,2018,Syntactic processing in music and language: Parallel abnormalities observed in congenital amusia,NeuroImage : Clinical,[6022360],0,0,0,0,https://eutils.ncbi.nlm.nih.gov/entrez/eutils/esearch.fcgi?&db=pubmed&retmax=100000&api_key=c2ebc1367e0e6b4ce473b54a14e381487f08&email=kendra.oudyk@mail.mcgill.ca&tool=methnet&usehistory=y&term=%22functional+neuroimaging%22[mesh]+AND+music[mesh]+AND+pubmed+pmc+open+access[filter],,https://eutils.ncbi.nlm.nih.gov/entrez/eutils/elink.fcgi?&dbfrom=pubmed&api_key=c2ebc1367e0e6b4ce473b54a14e381487f08&email=kendra.oudyk@mail.mcgill.ca&tool=methnet&linkname=pubmed_pubmed_refs&id=6022360,https://eutils.ncbi.nlm.nih.gov/entrez/eutils/efetch.fcgi?db=pmc&id=6022360&api_key=c2ebc1367e0e6b4ce473b54a14e381487f08&email=kendra.oudyk@mail.mcgill.ca&tool=methnet&WebEnv=NCID_1_16581694_130.14.22.76_9001_1591205502_392702730_0MetA0_S_MegaStore&query_key=1
6188551,21392373,11,2018,Beatboxers and Guitarists Engage Sensorimotor Regions Selectively When Listening to the Instruments They can Play,"Cerebral Cortex (New York, NY)",[6188551],4,0,0,5,https://eutils.ncbi.nlm.nih.gov/entrez/eutils/esearch.fcgi?&db=pubmed&retmax=100000&api_key=c2ebc1367e0e6b4ce473b54a14e381487f08&email=kendra.oudyk@mail.mcgill.ca&tool=methnet&usehistory=y&term=%22functional+neuroimaging%22[mesh]+AND+music[mesh]+AND+pubmed+pmc+open+access[filter],,https://eutils.ncbi.nlm.nih.gov/entrez/eutils/elink.fcgi?&dbfrom=pubmed&api_key=c2ebc1367e0e6b4ce473b54a14e381487f08&email=kendra.oudyk@mail.mcgill.ca&tool=methnet&linkname=pubmed_pubmed_refs&id=6188551,https://eutils.ncbi.nlm.nih.gov/entrez/eutils/efetch.fcgi?db=pmc&id=6188551&api_key=c2ebc1367e0e6b4ce473b54a14e381487f08&email=kendra.oudyk@mail.mcgill.ca&tool=methnet&WebEnv=NCID_1_16581694_130.14.22.76_9001_1591205502_392702730_0MetA0_S_MegaStore&query_key=1
6210363,21364895,9,2018,Cognitive Load Changes during Music Listening and its Implication in Earcon Design in Public Environments: An fNIRS Study,International Journal of Environmental Research and Public Health,[6210363],0,0,0,0,https://eutils.ncbi.nlm.nih.gov/entrez/eutils/esearch.fcgi?&db=pubmed&retmax=100000&api_key=c2ebc1367e0e6b4ce473b54a14e381487f08&email=kendra.oudyk@mail.mcgill.ca&tool=methnet&usehistory=y&term=%22functional+neuroimaging%22[mesh]+AND+music[mesh]+AND+pubmed+pmc+open+access[filter],,https://eutils.ncbi.nlm.nih.gov/entrez/eutils/elink.fcgi?&dbfrom=pubmed&api_key=c2ebc1367e0e6b4ce473b54a14e381487f08&email=kendra.oudyk@mail.mcgill.ca&tool=methnet&linkname=pubmed_pubmed_refs&id=6210363,https://eutils.ncbi.nlm.nih.gov/entrez/eutils/efetch.fcgi?db=pmc&id=6210363&api_key=c2ebc1367e0e6b4ce473b54a14e381487f08&email=kendra.oudyk@mail.mcgill.ca&tool=methnet&WebEnv=NCID_1_16581694_130.14.22.76_9001_1591205502_392702730_0MetA0_S_MegaStore&query_key=1
6195580,20829245,10,2018,Short-term enhancement of cognitive functions and music: A three-channel model,Scientific Reports,[6195580],0,0,0,0,https://eutils.ncbi.nlm.nih.gov/entrez/eutils/esearch.fcgi?&db=pubmed&retmax=100000&api_key=c2ebc1367e0e6b4ce473b54a14e381487f08&email=kendra.oudyk@mail.mcgill.ca&tool=methnet&usehistory=y&term=%22functional+neuroimaging%22[mesh]+AND+music[mesh]+AND+pubmed+pmc+open+access[filter],,https://eutils.ncbi.nlm.nih.gov/entrez/eutils/elink.fcgi?&dbfrom=pubmed&api_key=c2ebc1367e0e6b4ce473b54a14e381487f08&email=kendra.oudyk@mail.mcgill.ca&tool=methnet&linkname=pubmed_pubmed_refs&id=6195580,https://eutils.ncbi.nlm.nih.gov/entrez/eutils/efetch.fcgi?db=pmc&id=6195580&api_key=c2ebc1367e0e6b4ce473b54a14e381487f08&email=kendra.oudyk@mail.mcgill.ca&tool=methnet&WebEnv=NCID_1_16581694_130.14.22.76_9001_1591205502_392702730_0MetA0_S_MegaStore&query_key=1
6242316,20574661,11,2018,Recruitment of the motor system during music listening: An ALE meta-analysis of fMRI data,PLoS ONE,[6242316],0,0,0,0,https://eutils.ncbi.nlm.nih.gov/entrez/eutils/esearch.fcgi?&db=pubmed&retmax=100000&api_key=c2ebc1367e0e6b4ce473b54a14e381487f08&email=kendra.oudyk@mail.mcgill.ca&tool=methnet&usehistory=y&term=%22functional+neuroimaging%22[mesh]+AND+music[mesh]+AND+pubmed+pmc+open+access[filter],,https://eutils.ncbi.nlm.nih.gov/entrez/eutils/elink.fcgi?&dbfrom=pubmed&api_key=c2ebc1367e0e6b4ce473b54a14e381487f08&email=kendra.oudyk@mail.mcgill.ca&tool=methnet&linkname=pubmed_pubmed_refs&id=6242316,https://eutils.ncbi.nlm.nih.gov/entrez/eutils/efetch.fcgi?db=pmc&id=6242316&api_key=c2ebc1367e0e6b4ce473b54a14e381487f08&email=kendra.oudyk@mail.mcgill.ca&tool=methnet&WebEnv=NCID_1_16581694_130.14.22.76_9001_1591205502_392702730_0MetA0_S_MegaStore&query_key=1
6248955,19951416,11,2018,Do musicians learn a fine sequential hand motor skill differently than non-musicians?,PLoS ONE,[6248955],0,0,0,0,https://eutils.ncbi.nlm.nih.gov/entrez/eutils/esearch.fcgi?&db=pubmed&retmax=100000&api_key=c2ebc1367e0e6b4ce473b54a14e381487f08&email=kendra.oudyk@mail.mcgill.ca&tool=methnet&usehistory=y&term=%22functional+neuroimaging%22[mesh]+AND+music[mesh]+AND+pubmed+pmc+open+access[filter],,https://eutils.ncbi.nlm.nih.gov/entrez/eutils/elink.fcgi?&dbfrom=pubmed&api_key=c2ebc1367e0e6b4ce473b54a14e381487f08&email=kendra.oudyk@mail.mcgill.ca&tool=methnet&linkname=pubmed_pubmed_refs&id=6248955,https://eutils.ncbi.nlm.nih.gov/entrez/eutils/efetch.fcgi?db=pmc&id=6248955&api_key=c2ebc1367e0e6b4ce473b54a14e381487f08&email=kendra.oudyk@mail.mcgill.ca&tool=methnet&WebEnv=NCID_1_16581694_130.14.22.76_9001_1591205502_392702730_0MetA0_S_MegaStore&query_key=1
6297162,19725935,12,2018,Syntactic and non-syntactic sources of interference by music on language processing,Scientific Reports,[6297162],0,0,0,0,https://eutils.ncbi.nlm.nih.gov/entrez/eutils/esearch.fcgi?&db=pubmed&retmax=100000&api_key=c2ebc1367e0e6b4ce473b54a14e381487f08&email=kendra.oudyk@mail.mcgill.ca&tool=methnet&usehistory=y&term=%22functional+neuroimaging%22[mesh]+AND+music[mesh]+AND+pubmed+pmc+open+access[filter],,https://eutils.ncbi.nlm.nih.gov/entrez/eutils/elink.fcgi?&dbfrom=pubmed&api_key=c2ebc1367e0e6b4ce473b54a14e381487f08&email=kendra.oudyk@mail.mcgill.ca&tool=methnet&linkname=pubmed_pubmed_refs&id=6297162,https://eutils.ncbi.nlm.nih.gov/entrez/eutils/efetch.fcgi?db=pmc&id=6297162&api_key=c2ebc1367e0e6b4ce473b54a14e381487f08&email=kendra.oudyk@mail.mcgill.ca&tool=methnet&WebEnv=NCID_1_16581694_130.14.22.76_9001_1591205502_392702730_0MetA0_S_MegaStore&query_key=1
6327942,19712445,12,2018,Electrophysiological Correlates of Absolute Pitch in a Passive Auditory Oddball Paradigm: a Direct Replication Attempt,eNeuro,[6327942],0,0,0,0,https://eutils.ncbi.nlm.nih.gov/entrez/eutils/esearch.fcgi?&db=pubmed&retmax=100000&api_key=c2ebc1367e0e6b4ce473b54a14e381487f08&email=kendra.oudyk@mail.mcgill.ca&tool=methnet&usehistory=y&term=%22functional+neuroimaging%22[mesh]+AND+music[mesh]+AND+pubmed+pmc+open+access[filter],,https://eutils.ncbi.nlm.nih.gov/entrez/eutils/elink.fcgi?&dbfrom=pubmed&api_key=c2ebc1367e0e6b4ce473b54a14e381487f08&email=kendra.oudyk@mail.mcgill.ca&tool=methnet&linkname=pubmed_pubmed_refs&id=6327942,https://eutils.ncbi.nlm.nih.gov/entrez/eutils/efetch.fcgi?db=pmc&id=6327942&api_key=c2ebc1367e0e6b4ce473b54a14e381487f08&email=kendra.oudyk@mail.mcgill.ca&tool=methnet&WebEnv=NCID_1_16581694_130.14.22.76_9001_1591205502_392702730_0MetA0_S_MegaStore&query_key=1
6523415,19592570,4,2019,Surprise-related activation in the nucleus accumbens interacts with music-induced pleasantness,Social Cognitive and Affective Neuroscience,[6523415],0,0,0,0,https://eutils.ncbi.nlm.nih.gov/entrez/eutils/esearch.fcgi?&db=pubmed&retmax=100000&api_key=c2ebc1367e0e6b4ce473b54a14e381487f08&email=kendra.oudyk@mail.mcgill.ca&tool=methnet&usehistory=y&term=%22functional+neuroimaging%22[mesh]+AND+music[mesh]+AND+pubmed+pmc+open+access[filter],,https://eutils.ncbi.nlm.nih.gov/entrez/eutils/elink.fcgi?&dbfrom=pubmed&api_key=c2ebc1367e0e6b4ce473b54a14e381487f08&email=kendra.oudyk@mail.mcgill.ca&tool=methnet&linkname=pubmed_pubmed_refs&id=6523415,https://eutils.ncbi.nlm.nih.gov/entrez/eutils/efetch.fcgi?db=pmc&id=6523415&api_key=c2ebc1367e0e6b4ce473b54a14e381487f08&email=kendra.oudyk@mail.mcgill.ca&tool=methnet&WebEnv=NCID_1_16581694_130.14.22.76_9001_1591205502_392702730_0MetA0_S_MegaStore&query_key=1
6592717,19526057,5,2019,Divergence in the Functional Organization of Human and Macaque Auditory Cortex Revealed by fMRI Responses to Harmonic Tones,Nature neuroscience,[6592717],0,0,0,2,https://eutils.ncbi.nlm.nih.gov/entrez/eutils/esearch.fcgi?&db=pubmed&retmax=100000&api_key=c2ebc1367e0e6b4ce473b54a14e381487f08&email=kendra.oudyk@mail.mcgill.ca&tool=methnet&usehistory=y&term=%22functional+neuroimaging%22[mesh]+AND+music[mesh]+AND+pubmed+pmc+open+access[filter],,https://eutils.ncbi.nlm.nih.gov/entrez/eutils/elink.fcgi?&dbfrom=pubmed&api_key=c2ebc1367e0e6b4ce473b54a14e381487f08&email=kendra.oudyk@mail.mcgill.ca&tool=methnet&linkname=pubmed_pubmed_refs&id=6592717,https://eutils.ncbi.nlm.nih.gov/entrez/eutils/efetch.fcgi?db=pmc&id=6592717&api_key=c2ebc1367e0e6b4ce473b54a14e381487f08&email=kendra.oudyk@mail.mcgill.ca&tool=methnet&WebEnv=NCID_1_16581694_130.14.22.76_9001_1591205502_392702730_0MetA0_S_MegaStore&query_key=1
6526550,18612421,5,2019,Increased Insular Connectivity and Enhanced Empathic Ability Associated with Dance/Music Training,Neural Plasticity,[6526550],4,0,0,0,https://eutils.ncbi.nlm.nih.gov/entrez/eutils/esearch.fcgi?&db=pubmed&retmax=100000&api_key=c2ebc1367e0e6b4ce473b54a14e381487f08&email=kendra.oudyk@mail.mcgill.ca&tool=methnet&usehistory=y&term=%22functional+neuroimaging%22[mesh]+AND+music[mesh]+AND+pubmed+pmc+open+access[filter],,https://eutils.ncbi.nlm.nih.gov/entrez/eutils/elink.fcgi?&dbfrom=pubmed&api_key=c2ebc1367e0e6b4ce473b54a14e381487f08&email=kendra.oudyk@mail.mcgill.ca&tool=methnet&linkname=pubmed_pubmed_refs&id=6526550,https://eutils.ncbi.nlm.nih.gov/entrez/eutils/efetch.fcgi?db=pmc&id=6526550&api_key=c2ebc1367e0e6b4ce473b54a14e381487f08&email=kendra.oudyk@mail.mcgill.ca&tool=methnet&WebEnv=NCID_1_16581694_130.14.22.76_9001_1591205502_392702730_0MetA0_S_MegaStore&query_key=1
6786620,18301756,10,2019,Discerning the functional networks behind processing of music and speech through human vocalizations,PLoS ONE,"[6786620, 6988032, 6451670, 733425, 552299, 435922, 365288, 363191, 310536, 87877, 86697, 85937, 82799, 72899, 72290]",0,0,0,1,https://eutils.ncbi.nlm.nih.gov/entrez/eutils/esearch.fcgi?&db=pubmed&retmax=100000&api_key=c2ebc1367e0e6b4ce473b54a14e381487f08&email=kendra.oudyk@mail.mcgill.ca&tool=methnet&usehistory=y&term=%22functional+neuroimaging%22[mesh]+AND+music[mesh]+AND+pubmed+pmc+open+access[filter],,https://eutils.ncbi.nlm.nih.gov/entrez/eutils/elink.fcgi?&dbfrom=pubmed&api_key=c2ebc1367e0e6b4ce473b54a14e381487f08&email=kendra.oudyk@mail.mcgill.ca&tool=methnet&linkname=pubmed_pubmed_refs&id=6786620,https://eutils.ncbi.nlm.nih.gov/entrez/eutils/efetch.fcgi?db=pmc&id=6786620&api_key=c2ebc1367e0e6b4ce473b54a14e381487f08&email=kendra.oudyk@mail.mcgill.ca&tool=methnet&WebEnv=NCID_1_16581694_130.14.22.76_9001_1591205502_392702730_0MetA0_S_MegaStore&query_key=1
6819097,17327919,10,2019,Functional connectivity in human auditory networks and the origins of variation in the transmission of musical systems,eLife,"[6819097, 22454955, 7406604, 7393994, 7263801, 6934850, 6786291, 6280724, 6104578, 5111460, 5030818, 4856629, 4614899, 1131824, 1016965, 884924, 821951, 620407, 541423, 464275, 455323, 426865, 378369, 119583, 34156, 3405]",7,0,0,0,https://eutils.ncbi.nlm.nih.gov/entrez/eutils/esearch.fcgi?&db=pubmed&retmax=100000&api_key=c2ebc1367e0e6b4ce473b54a14e381487f08&email=kendra.oudyk@mail.mcgill.ca&tool=methnet&usehistory=y&term=%22functional+neuroimaging%22[mesh]+AND+music[mesh]+AND+pubmed+pmc+open+access[filter],,https://eutils.ncbi.nlm.nih.gov/entrez/eutils/elink.fcgi?&dbfrom=pubmed&api_key=c2ebc1367e0e6b4ce473b54a14e381487f08&email=kendra.oudyk@mail.mcgill.ca&tool=methnet&linkname=pubmed_pubmed_refs&id=6819097,https://eutils.ncbi.nlm.nih.gov/entrez/eutils/efetch.fcgi?db=pmc&id=6819097&api_key=c2ebc1367e0e6b4ce473b54a14e381487f08&email=kendra.oudyk@mail.mcgill.ca&tool=methnet&WebEnv=NCID_1_16581694_130.14.22.76_9001_1591205502_392702730_0MetA0_S_MegaStore&query_key=1
7137722,14575529,12,2019,Brain networks mediating the influence of background music on selective attention,Social Cognitive and Affective Neuroscience,[7137722],6,0,0,0,https://eutils.ncbi.nlm.nih.gov/entrez/eutils/esearch.fcgi?&db=pubmed&retmax=100000&api_key=c2ebc1367e0e6b4ce473b54a14e381487f08&email=kendra.oudyk@mail.mcgill.ca&tool=methnet&usehistory=y&term=%22functional+neuroimaging%22[mesh]+AND+music[mesh]+AND+pubmed+pmc+open+access[filter],,https://eutils.ncbi.nlm.nih.gov/entrez/eutils/elink.fcgi?&dbfrom=pubmed&api_key=c2ebc1367e0e6b4ce473b54a14e381487f08&email=kendra.oudyk@mail.mcgill.ca&tool=methnet&linkname=pubmed_pubmed_refs&id=7137722,https://eutils.ncbi.nlm.nih.gov/entrez/eutils/efetch.fcgi?db=pmc&id=7137722&api_key=c2ebc1367e0e6b4ce473b54a14e381487f08&email=kendra.oudyk@mail.mcgill.ca&tool=methnet&WebEnv=NCID_1_16581694_130.14.22.76_9001_1591205502_392702730_0MetA0_S_MegaStore&query_key=1
